barn_temperature,humidity,luminance,weather_clear_sky,weather_scattered_clouds,weather_overcast,weather_light_rain,hour_sin,hour_cos,ventilation_fan,heating_lamp
10.5,66,219,0,0,1,0,-1,-1.84E-16,1,1
30.7,83,368,0,0,1,0,0.866025404,0.5,3,0
30.4,89,6,0,0,1,0,-1,-1.84E-16,3,0
31.8,71,280,0,1,0,0,0.5,0.866025404,3,0
27,63,131,1,0,0,0,0.866025404,0.5,1,0
19.9,30,75,0,0,1,0,-0.5,-0.866025404,1,1
17.3,87,23,0,0,0,1,-0.707106781,-0.707106781,2,1
10.7,71,272,0,1,0,0,-0.866025404,0.5,1,1
15.5,94,28,0,0,0,1,0.965925826,0.258819045,2,1
11.3,97,333,0,0,1,0,-0.707106781,-0.707106781,3,1
33.7,27,98,0,0,1,0,-0.707106781,-0.707106781,3,0
30.1,46,298,0,1,0,0,0.866025404,-0.5,3,0
12.9,37,182,1,0,0,0,0.258819045,0.965925826,0,1
31,52,257,0,1,0,0,0.707106781,0.707106781,3,0
19.4,59,89,0,0,0,1,1.22E-16,-1,1,1
22.8,87,83,0,1,0,0,-0.965925826,-0.258819045,3,1
12.6,73,190,0,1,0,0,0.258819045,0.965925826,1,1
22.2,61,200,0,0,1,0,-0.258819045,-0.965925826,2,1
35.2,63,269,0,1,0,0,-0.5,0.866025404,2,0
27.3,61,20,1,0,0,0,-0.5,0.866025404,1,0
31.8,82,188,0,0,0,1,0.5,-0.866025404,2,0
20,54,135,1,0,0,0,1.22E-16,-1,2,1
19.7,81,324,0,0,0,1,0.258819045,-0.965925826,2,1
31.1,43,161,0,1,0,0,-0.866025404,-0.5,3,0
29.7,29,118,1,0,0,0,0.5,0.866025404,1,0
30.5,57,380,0,0,1,0,0.965925826,0.258819045,3,0
22.7,54,303,0,1,0,0,0.965925826,-0.258819045,1,1
17,96,168,0,0,0,1,-0.866025404,0.5,2,1
25.2,74,323,0,1,0,0,-0.258819045,0.965925826,1,0
28.2,34,288,0,0,1,0,0.965925826,0.258819045,1,0
15.9,96,316,0,0,0,1,0.866025404,0.5,2,1
33.9,85,143,1,0,0,0,0,1,3,0
13.3,52,215,0,0,0,1,-0.707106781,-0.707106781,1,1
12.3,69,131,0,0,0,1,0.258819045,-0.965925826,1,1
11.5,35,207,0,0,0,1,-0.5,0.866025404,0,1
22.3,20,210,0,0,1,0,-0.965925826,-0.258819045,1,1
29.3,31,188,1,0,0,0,-0.5,0.866025404,1,0
21.4,66,191,0,0,0,1,1.22E-16,-1,2,1
21.3,88,40,0,0,0,1,0.866025404,0.5,2,1
26.7,97,161,0,0,0,1,1,6.12E-17,2,0
30.7,79,332,0,0,1,0,0.965925826,-0.258819045,3,0
22.5,34,276,0,0,0,1,-0.965925826,0.258819045,1,1
16.1,39,224,0,0,0,1,0.965925826,-0.258819045,1,1
26.3,37,299,0,1,0,0,0.965925826,-0.258819045,1,0
11.3,57,169,1,0,0,0,0,1,1,1
35.8,25,150,0,1,0,0,-1,-1.84E-16,3,0
23.1,91,329,0,1,0,0,-0.707106781,0.707106781,2,1
21.6,69,144,0,1,0,0,-0.5,-0.866025404,1,1
28.5,86,232,0,0,0,1,-0.866025404,-0.5,2,0
28.7,91,375,0,1,0,0,-1,-1.84E-16,3,0
28.9,93,193,0,0,0,1,0.707106781,-0.707106781,2,0
20.5,92,306,0,0,0,1,-0.707106781,-0.707106781,2,1
26.1,38,69,1,0,0,0,1.22E-16,-1,1,0
20.6,45,62,0,0,0,1,-1,-1.84E-16,1,1
32.8,63,370,1,0,0,0,-0.866025404,-0.5,3,0
16.6,47,55,0,0,1,0,-0.5,0.866025404,1,1
23,90,378,0,0,1,0,-0.866025404,-0.5,3,1
35.7,76,272,0,0,1,0,-0.5,0.866025404,2,0
23.5,98,359,0,0,1,0,1.22E-16,-1,3,1
29.9,34,182,0,0,0,1,-0.258819045,-0.965925826,1,0
15.2,92,331,0,0,0,1,0.5,-0.866025404,2,1
19.5,94,125,0,0,1,0,0.5,0.866025404,3,1
25.1,23,196,0,1,0,0,-0.965925826,0.258819045,1,0
18.7,71,350,0,0,1,0,-0.965925826,-0.258819045,1,1
34.1,44,41,0,0,1,0,-0.866025404,0.5,2,0
28.3,26,277,1,0,0,0,-0.258819045,0.965925826,1,0
24.5,46,21,1,0,0,0,0.258819045,0.965925826,1,1
23.8,20,65,0,1,0,0,0,1,1,1
26.4,33,74,0,1,0,0,0,1,1,0
20.6,42,324,0,0,1,0,0.965925826,0.258819045,1,1
29.8,21,94,0,0,1,0,0.5,0.866025404,1,0
20.5,21,230,1,0,0,0,-0.707106781,0.707106781,1,1
31.2,93,184,0,1,0,0,-0.866025404,0.5,2,0
27.3,72,127,1,0,0,0,0.258819045,0.965925826,2,0
12,49,183,1,0,0,0,1,6.12E-17,1,1
10,27,337,1,0,0,0,0,1,0,1
18.8,53,271,0,1,0,0,-0.258819045,0.965925826,1,1
19.5,82,7,0,0,0,1,0.965925826,-0.258819045,2,1
24.9,28,89,0,1,0,0,-0.965925826,-0.258819045,1,1
22.2,81,146,1,0,0,0,0.5,-0.866025404,3,1
24.3,77,53,0,0,0,1,0.707106781,-0.707106781,1,1
17.8,23,338,0,1,0,0,-0.866025404,-0.5,1,1
26.4,44,373,1,0,0,0,-0.866025404,0.5,1,0
10.4,38,26,0,0,0,1,0.258819045,0.965925826,0,1
19.1,89,297,0,1,0,0,-0.5,-0.866025404,3,1
24.6,46,83,0,1,0,0,0.866025404,-0.5,1,1
32.6,25,314,0,1,0,0,0.258819045,-0.965925826,3,0
22.6,49,399,1,0,0,0,0.965925826,-0.258819045,1,0
15.9,35,115,0,0,1,0,-0.866025404,-0.5,1,1
11.1,39,181,0,1,0,0,0.866025404,-0.5,0,1
14.5,29,104,0,0,1,0,0.965925826,-0.258819045,0,1
32.8,54,341,0,0,0,1,-0.965925826,0.258819045,2,0
10.2,33,349,0,0,0,1,0.5,-0.866025404,0,1
24.4,73,244,0,0,0,1,0.707106781,-0.707106781,1,1
35,65,72,1,0,0,0,-0.866025404,0.5,2,0
15.2,22,61,0,1,0,0,0.866025404,0.5,1,1
12,45,51,0,1,0,0,0.258819045,0.965925826,1,1
33.7,29,339,0,1,0,0,1,6.12E-17,3,0
14.4,49,370,1,0,0,0,0.707106781,-0.707106781,1,1
33.1,87,6,0,0,0,1,0.866025404,0.5,2,0
12,49,5,1,0,0,0,0,1,1,1
31.7,21,98,0,0,0,1,-0.258819045,0.965925826,2,0
11,30,327,0,0,1,0,-0.707106781,-0.707106781,0,1
29.5,88,37,0,1,0,0,0.258819045,0.965925826,3,0
17.7,21,226,0,1,0,0,0.258819045,-0.965925826,1,1
32.7,67,346,1,0,0,0,-0.707106781,-0.707106781,3,0
18.6,83,213,0,0,1,0,0.707106781,-0.707106781,3,1
23.3,97,369,0,1,0,0,-0.707106781,-0.707106781,3,1
17.2,73,393,0,0,0,1,0.707106781,0.707106781,1,1
15.2,48,384,0,0,0,1,-0.258819045,-0.965925826,1,1
17.9,90,325,0,1,0,0,0.707106781,-0.707106781,3,1
34.6,43,105,0,0,0,1,1,6.12E-17,2,0
14.3,24,268,0,0,1,0,0.707106781,-0.707106781,0,1
27.3,22,117,1,0,0,0,0.5,0.866025404,1,0
20.5,31,8,0,0,1,0,0.866025404,-0.5,1,1
28.1,72,220,0,0,0,1,0.258819045,-0.965925826,2,0
32.4,73,236,0,0,0,1,0,1,2,0
31.5,68,236,1,0,0,0,0.258819045,0.965925826,3,0
27.6,57,309,1,0,0,0,-0.866025404,-0.5,1,0
35.6,86,66,0,0,1,0,-0.866025404,-0.5,3,0
24,72,159,0,0,1,0,-0.258819045,0.965925826,2,1
34.3,80,361,1,0,0,0,-0.965925826,0.258819045,2,0
17.5,54,272,0,0,0,1,-0.5,-0.866025404,1,1
34.9,56,355,1,0,0,0,0.866025404,0.5,3,0
12.1,95,227,1,0,0,0,0.707106781,0.707106781,3,1
32.4,57,362,0,1,0,0,-0.5,-0.866025404,3,0
26.6,45,155,0,0,1,0,0.5,0.866025404,1,0
18.8,39,228,0,0,1,0,0.707106781,-0.707106781,1,1
32.7,28,147,0,1,0,0,0.5,-0.866025404,3,0
20.9,62,236,0,0,1,0,0,1,2,1
11.1,52,364,0,1,0,0,-0.965925826,0.258819045,1,1
29.9,95,177,0,0,0,1,0.866025404,0.5,2,0
19.7,59,174,0,1,0,0,0.866025404,-0.5,1,1
31.8,64,56,0,1,0,0,0.258819045,-0.965925826,3,0
23.3,89,147,1,0,0,0,0,1,3,1
22.7,73,361,0,0,0,1,-0.707106781,-0.707106781,1,1
23,42,264,0,0,1,0,1.22E-16,-1,1,1
22,28,75,0,0,1,0,-0.965925826,0.258819045,1,1
25.8,38,6,0,0,0,1,-0.5,0.866025404,1,0
13.7,83,142,0,1,0,0,1,6.12E-17,3,1
21.3,86,70,1,0,0,0,-0.965925826,0.258819045,2,1
32.4,71,387,1,0,0,0,0.258819045,-0.965925826,3,0
18,43,13,1,0,0,0,0.5,-0.866025404,1,1
24.1,59,301,0,0,0,1,-0.258819045,-0.965925826,1,1
28.5,43,199,0,0,0,1,0.965925826,0.258819045,1,0
14.9,73,168,1,0,0,0,0.707106781,0.707106781,1,1
14.6,73,72,0,0,1,0,-0.258819045,-0.965925826,1,1
12.3,30,148,1,0,0,0,0.258819045,-0.965925826,0,1
32.9,72,219,0,0,0,1,1.22E-16,-1,2,0
18.9,70,72,0,0,0,1,-0.866025404,-0.5,1,1
24.1,96,215,0,1,0,0,-0.866025404,-0.5,3,1
34.2,20,144,0,0,1,0,0,1,3,0
17.5,27,353,0,0,0,1,-0.707106781,0.707106781,1,1
22.9,61,176,0,1,0,0,-1,-1.84E-16,1,1
12.4,81,16,0,0,0,1,0.965925826,-0.258819045,2,1
30.9,52,48,1,0,0,0,-0.965925826,-0.258819045,3,0
33.6,77,317,1,0,0,0,0.866025404,0.5,3,0
30.4,84,372,1,0,0,0,0.866025404,-0.5,3,0
18.1,30,328,0,1,0,0,-0.965925826,0.258819045,1,1
14.8,81,14,1,0,0,0,-0.866025404,-0.5,3,1
33.8,65,329,0,1,0,0,-0.965925826,0.258819045,2,0
28.8,90,305,0,0,1,0,-1,-1.84E-16,3,0
19.6,89,222,0,0,1,0,1.22E-16,-1,3,1
22.5,83,70,1,0,0,0,-0.707106781,-0.707106781,3,1
34.4,91,389,1,0,0,0,-0.866025404,-0.5,3,0
22,31,399,1,0,0,0,0.258819045,0.965925826,1,1
25.9,74,337,1,0,0,0,0.866025404,-0.5,1,0
14,30,76,0,0,1,0,-0.707106781,-0.707106781,0,1
13.4,58,332,1,0,0,0,-0.5,0.866025404,1,1
23.4,97,146,0,0,1,0,0.866025404,-0.5,3,1
19.9,43,195,0,1,0,0,0.707106781,-0.707106781,1,1
34.7,54,369,0,0,1,0,-0.5,-0.866025404,3,0
34.3,66,202,0,0,0,1,1,6.12E-17,2,0
34,73,52,0,0,1,0,0.258819045,0.965925826,3,0
13.3,23,211,1,0,0,0,0.258819045,-0.965925826,0,1
12.6,56,301,1,0,0,0,0,1,1,1
29.3,50,34,0,0,0,1,0.258819045,-0.965925826,2,0
34.3,71,308,0,1,0,0,0.866025404,0.5,3,0
16.7,69,291,0,1,0,0,0.258819045,0.965925826,1,1
35.6,91,172,0,0,1,0,-0.866025404,0.5,2,0
23.8,34,153,1,0,0,0,0.965925826,0.258819045,1,0
27.1,40,132,0,0,0,1,0,1,1,0
34.9,48,335,0,0,1,0,0.5,0.866025404,3,0
17.6,50,120,0,1,0,0,-0.707106781,-0.707106781,1,1
20.7,48,304,0,1,0,0,-0.5,-0.866025404,1,1
18.5,81,23,0,1,0,0,0.5,-0.866025404,3,1
12.1,40,56,0,1,0,0,0.707106781,0.707106781,1,1
25.7,76,163,0,0,0,1,0.5,0.866025404,2,0
24.5,45,59,0,1,0,0,0.258819045,-0.965925826,1,1
20.2,43,328,0,0,0,1,0.707106781,0.707106781,1,1
21.5,30,16,0,1,0,0,-1,-1.84E-16,1,1
26,43,201,0,1,0,0,1,6.12E-17,1,0
15.9,20,341,1,0,0,0,-0.707106781,0.707106781,1,1
27.2,72,203,0,1,0,0,0.866025404,0.5,1,0
18.2,20,134,0,1,0,0,-0.965925826,-0.258819045,1,1
20.6,46,310,1,0,0,0,-0.707106781,0.707106781,1,1
11.7,89,202,1,0,0,0,0.707106781,-0.707106781,3,1
15.8,63,127,1,0,0,0,0.5,-0.866025404,1,1
16.8,88,241,0,1,0,0,-0.707106781,-0.707106781,3,1
15.8,73,22,0,0,1,0,0.707106781,-0.707106781,1,1
11.9,92,78,0,1,0,0,1.22E-16,-1,3,1
22.8,46,85,1,0,0,0,-0.866025404,0.5,1,1
23.6,89,188,1,0,0,0,-0.5,0.866025404,2,1
20.8,49,352,1,0,0,0,-0.5,-0.866025404,1,1
10.8,40,100,0,1,0,0,1,6.12E-17,1,1
34.8,73,38,0,0,1,0,0.866025404,0.5,3,0
25.2,58,108,0,0,1,0,-0.866025404,-0.5,2,0
25.7,81,397,0,0,1,0,-1,-1.84E-16,3,0
15.1,38,221,0,1,0,0,-0.965925826,0.258819045,1,1
12.8,25,21,1,0,0,0,-1,-1.84E-16,0,1
29.5,44,225,0,0,0,1,0.965925826,-0.258819045,1,0
19.1,98,115,1,0,0,0,0.707106781,0.707106781,3,0
24.2,66,123,1,0,0,0,0.965925826,-0.258819045,1,0
23.9,99,234,0,0,1,0,1.22E-16,-1,3,1
22.2,23,363,0,1,0,0,-1,-1.84E-16,1,1
27.7,77,57,0,0,1,0,-0.866025404,-0.5,2,0
22.8,36,60,0,1,0,0,0.5,-0.866025404,1,1
14.6,74,327,1,0,0,0,0.258819045,-0.965925826,1,1
31.8,63,280,0,0,1,0,-0.707106781,-0.707106781,3,0
11.7,88,45,1,0,0,0,-0.707106781,-0.707106781,3,1
29,49,149,0,0,1,0,-0.965925826,0.258819045,1,0
22,47,344,1,0,0,0,0.258819045,0.965925826,1,1
15,86,203,0,0,1,0,-0.5,0.866025404,2,1
23.5,27,313,0,0,1,0,1,6.12E-17,1,1
23.9,46,282,0,0,0,1,0,1,1,1
23.6,82,293,0,1,0,0,1,6.12E-17,3,1
21.1,76,135,0,0,1,0,-0.707106781,-0.707106781,2,1
15.7,98,311,0,0,0,1,1.22E-16,-1,2,1
12.4,44,340,0,1,0,0,-0.965925826,0.258819045,1,1
27.2,72,39,0,0,0,1,-0.707106781,0.707106781,1,0
16,52,193,0,0,1,0,-0.5,0.866025404,1,1
27.6,92,24,0,1,0,0,0,1,3,0
24.2,39,337,0,0,0,1,0.866025404,-0.5,1,1
13.5,77,106,0,1,0,0,1.22E-16,-1,1,1
28.2,50,370,0,0,0,1,0.258819045,-0.965925826,2,0
31.6,46,139,0,0,1,0,-0.707106781,0.707106781,2,0
22.3,96,110,1,0,0,0,1,6.12E-17,3,0
15.5,83,372,0,0,1,0,0.866025404,0.5,3,1
29.4,79,54,0,0,0,1,-0.707106781,-0.707106781,1,0
12.9,67,194,0,1,0,0,-0.707106781,-0.707106781,1,1
21.1,91,303,0,1,0,0,1,6.12E-17,3,1
14.8,24,311,0,0,1,0,0.258819045,-0.965925826,0,1
13.2,37,34,0,0,1,0,0.258819045,0.965925826,0,1
34.6,68,249,0,0,1,0,-0.5,0.866025404,2,0
31.7,53,188,0,0,1,0,-0.5,0.866025404,2,0
31.2,90,242,1,0,0,0,-0.258819045,-0.965925826,3,0
30.1,82,380,0,1,0,0,0.866025404,-0.5,3,0
18.8,34,276,0,0,0,1,0.965925826,-0.258819045,1,1
13.1,20,102,0,0,0,1,0.5,0.866025404,0,1
26.5,69,139,0,1,0,0,0.707106781,-0.707106781,1,0
25.8,43,47,1,0,0,0,0.707106781,-0.707106781,1,0
12.7,86,298,0,1,0,0,0.707106781,0.707106781,3,1
24.7,95,249,0,0,1,0,-0.5,-0.866025404,3,1
18.6,60,99,1,0,0,0,-0.707106781,0.707106781,1,1
28.8,29,378,0,1,0,0,0.965925826,0.258819045,1,0
34.1,68,340,0,0,1,0,0.866025404,-0.5,3,0
20.8,23,184,1,0,0,0,1,6.12E-17,1,0
33.5,20,80,1,0,0,0,0.866025404,0.5,3,0
14.8,57,78,0,1,0,0,1.22E-16,-1,1,1
24.1,39,383,0,0,0,1,1,6.12E-17,1,1
26,20,56,1,0,0,0,-0.707106781,-0.707106781,1,0
27.5,46,114,0,1,0,0,-0.866025404,-0.5,1,0
19.5,28,383,0,1,0,0,0.5,0.866025404,1,1
30.3,50,71,0,1,0,0,0.5,0.866025404,3,0
27.1,91,174,0,0,0,1,-0.258819045,-0.965925826,2,0
13.3,57,207,0,0,0,1,1.22E-16,-1,1,1
33.5,22,74,1,0,0,0,0.965925826,0.258819045,3,0
31.3,83,156,0,1,0,0,0.866025404,0.5,3,0
26,49,123,0,1,0,0,-0.258819045,0.965925826,1,0
18.5,90,226,0,1,0,0,-0.5,-0.866025404,3,1
25.3,90,13,0,0,1,0,-0.258819045,-0.965925826,3,0
13.2,39,325,0,0,0,1,-0.5,-0.866025404,0,1
16.5,71,98,0,0,1,0,-0.707106781,0.707106781,1,1
24.1,68,9,0,0,0,1,0.965925826,0.258819045,1,1
30.5,79,244,0,0,1,0,-0.707106781,-0.707106781,3,0
13.7,68,12,0,0,1,0,-0.965925826,-0.258819045,1,1
23.2,86,382,0,0,1,0,-0.5,-0.866025404,3,1
34.7,49,352,0,0,1,0,0.5,-0.866025404,3,0
30,22,149,0,0,1,0,-0.866025404,-0.5,1,0
32.2,30,236,0,0,1,0,-0.707106781,0.707106781,2,0
22.5,23,216,0,0,1,0,0.965925826,0.258819045,1,1
24.8,25,15,0,0,0,1,-0.258819045,-0.965925826,1,1
29.4,60,151,0,1,0,0,-0.965925826,0.258819045,1,0
28.2,82,250,0,1,0,0,-0.707106781,0.707106781,2,0
12.1,25,43,0,1,0,0,-0.707106781,-0.707106781,0,1
28.1,78,170,1,0,0,0,0.965925826,0.258819045,1,0
30.5,39,359,0,0,1,0,-0.965925826,0.258819045,2,0
15.2,71,205,0,1,0,0,-0.965925826,-0.258819045,1,1
11.3,26,400,1,0,0,0,0.258819045,-0.965925826,0,1
32.6,70,275,0,0,1,0,0.258819045,-0.965925826,3,0
22.1,64,256,0,0,1,0,-0.5,-0.866025404,2,1
19.8,40,68,1,0,0,0,0.965925826,-0.258819045,1,0
17.7,51,200,1,0,0,0,0,1,1,1
11.4,64,348,0,0,0,1,-0.965925826,0.258819045,1,1
34.6,67,101,0,0,0,1,0.965925826,0.258819045,2,0
18.8,87,164,0,0,1,0,-0.5,-0.866025404,3,1
16.5,87,2,1,0,0,0,-0.965925826,-0.258819045,3,1
32.1,25,365,0,0,0,1,-0.965925826,-0.258819045,2,0
31.8,62,242,0,0,1,0,1.22E-16,-1,3,0
35.5,99,277,1,0,0,0,0.707106781,0.707106781,3,0
33.8,53,337,0,1,0,0,0.707106781,0.707106781,3,0
27.9,80,260,0,0,0,1,0.866025404,-0.5,1,0
12.2,47,194,0,1,0,0,-0.707106781,0.707106781,1,1
28.1,68,290,0,0,1,0,0.5,0.866025404,2,0
12.5,86,112,1,0,0,0,-0.866025404,0.5,2,1
33,38,256,1,0,0,0,0,1,3,0
34.2,60,208,1,0,0,0,-0.707106781,0.707106781,2,0
10.1,48,232,0,0,1,0,0.707106781,-0.707106781,1,1
17.3,86,158,0,0,0,1,-0.965925826,0.258819045,2,1
31.6,24,5,0,1,0,0,0.707106781,0.707106781,3,0
13.4,45,362,1,0,0,0,-0.965925826,-0.258819045,1,1
16.9,42,191,0,1,0,0,0.707106781,-0.707106781,1,1
20.7,87,18,0,0,1,0,-0.5,0.866025404,2,1
11.7,32,396,0,0,1,0,-0.866025404,-0.5,0,1
21.4,59,351,0,0,1,0,-0.707106781,-0.707106781,2,1
13.1,36,213,0,0,0,1,-0.866025404,0.5,0,1
15.2,40,301,0,1,0,0,0.258819045,-0.965925826,1,1
13.9,76,90,0,0,0,1,0.707106781,0.707106781,1,1
20.3,65,322,0,0,1,0,-0.866025404,-0.5,2,1
35.3,62,45,1,0,0,0,0.866025404,0.5,3,0
18,25,35,0,0,0,1,0.965925826,0.258819045,1,1
20.9,31,202,0,1,0,0,-0.965925826,-0.258819045,1,1
13.6,74,15,0,1,0,0,-0.866025404,0.5,1,1
34.2,63,239,0,0,0,1,-1,-1.84E-16,2,0
35.3,95,174,0,0,1,0,0.965925826,-0.258819045,3,0
27,81,222,0,0,0,1,0.258819045,-0.965925826,2,0
32.1,49,43,0,0,1,0,1.22E-16,-1,3,0
21.6,97,199,0,1,0,0,1,6.12E-17,3,1
26.4,50,109,0,0,0,1,-0.258819045,0.965925826,1,0
15.4,80,158,0,0,0,1,-0.5,-0.866025404,1,1
11.1,29,6,0,0,1,0,-0.866025404,0.5,0,1
16.2,59,102,1,0,0,0,0.866025404,-0.5,1,0
18.8,64,302,1,0,0,0,-0.258819045,0.965925826,1,1
15,96,283,0,1,0,0,1.22E-16,-1,3,1
14.4,72,126,1,0,0,0,-0.866025404,0.5,1,1
20.1,37,107,0,0,0,1,0.258819045,0.965925826,1,1
16.2,64,86,0,0,0,1,0.707106781,-0.707106781,1,1
10.8,22,185,0,0,1,0,-0.965925826,-0.258819045,0,1
27.3,79,61,0,1,0,0,-0.866025404,0.5,1,0
12.5,59,206,1,0,0,0,-0.5,0.866025404,1,1
34.5,36,232,0,1,0,0,-0.258819045,0.965925826,2,0
17.2,50,123,0,0,0,1,-0.965925826,0.258819045,1,1
16.2,99,81,0,0,0,1,-0.707106781,0.707106781,2,1
22.5,58,308,0,0,0,1,0.707106781,0.707106781,1,1
26.3,54,276,0,0,1,0,0.866025404,-0.5,2,0
31.9,68,55,0,1,0,0,1,6.12E-17,3,0
28.4,55,183,0,1,0,0,0.707106781,-0.707106781,1,0
22.8,61,244,0,0,1,0,-0.965925826,0.258819045,2,1
17.8,71,355,1,0,0,0,-0.965925826,-0.258819045,1,1
12.6,38,269,0,1,0,0,0.5,-0.866025404,0,1
25,71,145,0,0,1,0,-0.258819045,-0.965925826,2,1
23.3,68,393,0,0,0,1,0.258819045,0.965925826,2,1
15.7,88,360,1,0,0,0,-0.258819045,-0.965925826,3,1
16.4,32,71,0,0,0,1,-0.5,-0.866025404,1,1
26.3,75,121,0,0,0,1,-1,-1.84E-16,1,0
14.8,61,57,0,0,1,0,0.258819045,-0.965925826,1,1
33.9,84,323,1,0,0,0,0.5,0.866025404,3,0
23.5,37,384,0,0,0,1,0.965925826,-0.258819045,1,1
19,64,385,0,0,1,0,-1,-1.84E-16,1,1
22.6,26,307,1,0,0,0,-0.5,-0.866025404,1,1
13.4,50,357,0,0,0,1,0.258819045,0.965925826,1,1
24,95,21,0,0,1,0,-0.5,-0.866025404,3,1
19.8,30,355,0,0,1,0,0.965925826,0.258819045,1,1
19.3,43,368,0,0,0,1,-0.965925826,-0.258819045,1,1
26.3,81,52,0,0,1,0,0.5,0.866025404,3,0
12.6,82,331,0,0,0,1,-0.965925826,-0.258819045,2,1
21.6,35,347,0,1,0,0,0.258819045,-0.965925826,1,1
10.3,73,195,0,0,1,0,0.707106781,0.707106781,1,1
29.7,95,396,0,1,0,0,0.5,-0.866025404,3,0
24.7,74,47,0,0,1,0,-0.965925826,-0.258819045,2,1
14.9,24,212,0,1,0,0,0.5,0.866025404,0,1
28.3,65,80,0,0,0,1,0.707106781,-0.707106781,1,0
33.7,82,8,1,0,0,0,0.866025404,-0.5,3,0
35,42,149,1,0,0,0,0.707106781,-0.707106781,3,0
19.5,79,106,0,0,1,0,-0.258819045,0.965925826,1,1
27.6,71,125,0,1,0,0,0,1,1,0
24,21,61,0,0,0,1,0.258819045,0.965925826,1,1
16.9,96,243,0,0,1,0,0.707106781,-0.707106781,3,1
18.8,26,242,0,0,1,0,0.866025404,-0.5,1,1
31.3,24,87,0,1,0,0,-0.707106781,-0.707106781,3,0
21.6,46,300,0,0,0,1,0.866025404,-0.5,1,1
12.2,68,383,0,0,0,1,-0.707106781,-0.707106781,1,1
34.2,46,237,1,0,0,0,0.5,-0.866025404,3,0
27.5,91,70,0,0,0,1,-0.258819045,-0.965925826,2,0
18,24,107,0,0,0,1,-0.5,0.866025404,1,1
27.7,36,50,0,0,1,0,-0.707106781,-0.707106781,1,0
33,71,362,0,0,1,0,-0.965925826,0.258819045,2,0
20.5,89,276,0,0,0,1,0.965925826,0.258819045,2,1
34.8,64,372,0,0,1,0,1.22E-16,-1,3,0
10.7,70,185,0,1,0,0,0.258819045,0.965925826,1,1
18.6,24,361,0,0,0,1,0.866025404,0.5,1,1
22.1,87,339,0,0,0,1,0.866025404,-0.5,2,1
20.3,68,307,0,0,0,1,-0.707106781,0.707106781,1,1
28.6,35,221,1,0,0,0,0.707106781,-0.707106781,1,0
22.3,84,29,0,0,0,1,1.22E-16,-1,2,1
26.2,50,337,0,0,1,0,-0.5,-0.866025404,2,0
32.8,89,119,1,0,0,0,1,6.12E-17,3,0
16.5,40,221,0,1,0,0,-0.5,-0.866025404,1,1
19.1,80,26,0,0,1,0,-0.5,-0.866025404,1,1
25.8,25,256,0,0,1,0,0.258819045,0.965925826,1,0
11.3,75,390,0,0,1,0,0.866025404,-0.5,1,1
20.2,74,180,0,1,0,0,-0.965925826,0.258819045,1,1
18.1,65,224,0,0,1,0,-0.5,-0.866025404,1,1
26.1,64,15,0,1,0,0,0.707106781,-0.707106781,1,0
12.7,26,104,0,0,1,0,-0.707106781,0.707106781,0,1
35.5,81,370,0,1,0,0,0.258819045,-0.965925826,3,0
13,52,171,1,0,0,0,-0.5,-0.866025404,1,1
24.4,37,90,0,1,0,0,-0.866025404,-0.5,1,1
16.1,37,228,0,0,0,1,-1,-1.84E-16,1,1
12.6,71,314,0,0,0,1,-1,-1.84E-16,1,1
32.3,53,224,0,0,1,0,0.258819045,-0.965925826,3,0
30.3,88,335,0,0,1,0,-0.866025404,-0.5,3,0
12,77,43,0,0,1,0,-0.707106781,-0.707106781,1,1
31.8,38,362,0,0,0,1,-0.965925826,0.258819045,2,0
24.6,46,385,0,1,0,0,0.258819045,0.965925826,1,1
34.6,58,334,0,0,1,0,-0.5,0.866025404,2,0
13.7,87,51,1,0,0,0,0.258819045,-0.965925826,3,1
32.5,45,123,0,0,0,1,-0.258819045,0.965925826,2,0
36,68,168,0,0,1,0,-0.866025404,0.5,2,0
14.5,65,46,1,0,0,0,-0.258819045,0.965925826,1,1
13.5,22,362,1,0,0,0,-0.866025404,0.5,0,1
16,75,368,1,0,0,0,-0.965925826,0.258819045,1,1
28.6,34,396,0,0,1,0,0.707106781,-0.707106781,1,0
15.7,94,120,1,0,0,0,-0.707106781,0.707106781,2,1
16.1,91,84,0,0,0,1,0,1,2,1
13.3,57,52,0,0,0,1,-0.866025404,0.5,1,1
10.7,46,291,1,0,0,0,-0.965925826,-0.258819045,1,1
18.1,72,49,0,1,0,0,0.866025404,-0.5,1,1
22.5,26,142,0,0,0,1,-0.707106781,-0.707106781,1,1
33.2,42,154,0,0,0,1,-1,-1.84E-16,2,0
29.1,89,392,0,0,1,0,-0.866025404,0.5,2,0
30.3,77,182,0,0,0,1,-0.866025404,-0.5,2,0
17.1,42,271,0,1,0,0,0.866025404,-0.5,1,1
20.3,99,385,0,1,0,0,0.866025404,-0.5,3,1
18,66,151,0,0,1,0,0.707106781,-0.707106781,1,1
11,80,138,0,0,0,1,0.707106781,0.707106781,1,1
18.7,64,331,0,0,0,1,-0.866025404,0.5,1,1
32.3,97,212,1,0,0,0,-0.5,0.866025404,2,0
33.5,52,392,0,0,1,0,0.258819045,0.965925826,3,0
13.7,83,95,0,0,1,0,0.965925826,0.258819045,3,1
28.1,48,306,0,1,0,0,1,6.12E-17,1,0
25.6,31,386,0,0,0,1,-0.866025404,-0.5,1,0
24.7,69,230,0,0,1,0,0.866025404,0.5,2,1
31.4,60,170,0,0,0,1,-0.707106781,-0.707106781,2,0
21.4,28,169,0,0,0,1,-0.5,0.866025404,1,1
29.7,87,271,0,1,0,0,-0.707106781,0.707106781,2,0
24.4,90,92,1,0,0,0,-0.5,0.866025404,2,1
28.6,73,313,0,1,0,0,0.965925826,0.258819045,1,0
14.6,83,138,1,0,0,0,0.258819045,0.965925826,3,1
22,29,397,0,0,0,1,0.5,-0.866025404,1,1
29.3,37,89,0,1,0,0,0.965925826,-0.258819045,1,0
15.6,94,148,0,0,0,1,-1,-1.84E-16,2,1
28.3,98,185,1,0,0,0,0.5,-0.866025404,3,0
18.8,43,137,0,1,0,0,0.707106781,-0.707106781,1,1
16.1,93,112,0,1,0,0,0,1,3,1
29.6,59,123,0,0,0,1,-0.5,-0.866025404,1,0
13.8,49,347,0,1,0,0,-0.965925826,-0.258819045,1,1
11.6,42,315,0,0,1,0,0.866025404,-0.5,1,1
21.9,64,18,0,1,0,0,0.965925826,-0.258819045,1,1
34.6,28,379,0,0,1,0,-0.866025404,-0.5,3,0
18.3,59,6,0,1,0,0,0.965925826,0.258819045,1,1
24.4,39,234,0,0,0,1,0.965925826,0.258819045,1,1
13.2,49,288,0,0,0,1,-0.707106781,-0.707106781,1,1
11.5,44,382,0,1,0,0,-0.707106781,-0.707106781,1,1
25.6,52,343,0,1,0,0,-0.707106781,-0.707106781,1,0
14.6,72,301,0,0,0,1,0.258819045,-0.965925826,1,1
25.7,99,274,0,1,0,0,-0.5,-0.866025404,3,0
35,24,237,0,0,1,0,0.5,0.866025404,3,0
15.2,91,34,1,0,0,0,-0.866025404,0.5,2,1
24.6,79,146,0,0,1,0,0.965925826,-0.258819045,2,1
32.3,71,57,1,0,0,0,0.5,-0.866025404,3,0
28.1,87,148,0,0,0,1,-0.258819045,-0.965925826,2,0
29.5,53,26,0,0,0,1,0.965925826,0.258819045,1,0
33.8,75,197,0,0,1,0,0.707106781,-0.707106781,3,0
26.8,98,6,0,1,0,0,-1,-1.84E-16,3,0
20.1,28,376,1,0,0,0,-0.5,0.866025404,1,1
19.1,78,41,0,1,0,0,-0.5,0.866025404,1,1
22.7,38,48,0,1,0,0,-0.965925826,0.258819045,1,1
22.5,69,34,0,0,1,0,-0.866025404,0.5,2,1
31,33,234,0,0,1,0,0.965925826,-0.258819045,3,0
13.7,86,388,0,0,0,1,1.22E-16,-1,2,1
13.8,83,88,0,0,1,0,-0.258819045,0.965925826,2,1
18.6,24,89,0,0,0,1,0.866025404,0.5,1,1
24.4,83,229,1,0,0,0,0.965925826,0.258819045,3,0
24.7,59,225,1,0,0,0,0.258819045,-0.965925826,2,1
33.8,62,247,0,0,0,1,0.965925826,-0.258819045,2,0
15.1,79,3,0,0,0,1,0.866025404,0.5,1,1
26.9,36,304,1,0,0,0,-0.707106781,0.707106781,1,0
29.1,67,8,1,0,0,0,-0.258819045,0.965925826,1,0
31.8,69,28,0,0,0,1,-0.866025404,-0.5,2,0
20,25,205,1,0,0,0,0.707106781,0.707106781,1,0
21.6,73,48,0,0,1,0,0.707106781,0.707106781,2,1
26,62,33,0,0,0,1,-0.258819045,-0.965925826,1,0
21.1,65,248,0,0,0,1,0.707106781,-0.707106781,1,1
32,28,260,1,0,0,0,0,1,3,0
28.5,27,125,0,0,1,0,-0.707106781,0.707106781,1,0
15.8,80,389,0,1,0,0,0.258819045,-0.965925826,1,1
34.1,36,182,0,1,0,0,1.22E-16,-1,3,0
31.9,57,277,1,0,0,0,0.866025404,0.5,3,0
26.8,99,301,0,0,1,0,0.258819045,-0.965925826,3,0
32,64,297,0,1,0,0,0,1,3,0
18,89,318,0,0,0,1,0.707106781,0.707106781,2,1
32.3,27,304,0,1,0,0,-0.707106781,-0.707106781,3,0
30.8,33,7,0,1,0,0,0.5,-0.866025404,3,0
21.6,36,15,0,0,1,0,-0.5,-0.866025404,1,1
23.3,43,37,1,0,0,0,-0.258819045,-0.965925826,1,1
12.1,47,234,0,1,0,0,1,6.12E-17,1,1
17.5,44,353,0,1,0,0,0.965925826,0.258819045,1,1
22.5,81,177,0,0,0,1,-0.866025404,0.5,2,1
18,44,24,0,0,1,0,0.258819045,0.965925826,1,1
21,64,342,0,0,0,1,-0.5,0.866025404,1,1
11.7,94,185,1,0,0,0,0.965925826,-0.258819045,3,1
35,41,295,1,0,0,0,-0.258819045,-0.965925826,3,0
13.7,49,287,0,1,0,0,0.866025404,-0.5,1,1
14.2,28,22,1,0,0,0,-0.866025404,-0.5,0,1
33.9,42,160,1,0,0,0,0.707106781,0.707106781,3,0
32.9,91,96,0,0,1,0,1,6.12E-17,3,0
35.7,20,111,0,0,1,0,-0.258819045,0.965925826,2,0
24.2,40,197,0,0,0,1,0.258819045,0.965925826,1,1
20.1,95,331,0,0,0,1,-0.5,-0.866025404,2,1
11,53,49,1,0,0,0,-0.707106781,0.707106781,1,1
19.7,52,54,1,0,0,0,-0.707106781,0.707106781,1,1
21.1,84,383,0,1,0,0,0.866025404,-0.5,3,1
17.4,95,246,0,0,0,1,0.866025404,-0.5,2,1
20.3,91,29,0,0,0,1,0.707106781,-0.707106781,2,1
14.8,85,28,1,0,0,0,-0.965925826,-0.258819045,3,1
31.4,29,349,0,0,1,0,0.707106781,0.707106781,3,0
23.9,77,139,0,0,0,1,-0.965925826,0.258819045,1,1
31.3,57,163,0,1,0,0,-0.5,0.866025404,2,0
26.7,28,397,0,0,1,0,0.258819045,0.965925826,1,0
26.4,91,38,0,0,0,1,0.866025404,-0.5,2,0
10.4,32,361,0,0,0,1,-0.707106781,-0.707106781,0,1
23.7,20,241,1,0,0,0,0.866025404,-0.5,1,0
27.9,53,241,0,1,0,0,0.258819045,-0.965925826,2,0
19.6,58,117,0,1,0,0,1,6.12E-17,1,1
22.1,93,75,1,0,0,0,0.965925826,-0.258819045,3,0
34.6,28,371,0,1,0,0,0.5,0.866025404,3,0
22.6,43,363,0,1,0,0,1.22E-16,-1,1,1
26.2,58,307,0,0,1,0,-0.965925826,0.258819045,2,0
30.9,38,224,1,0,0,0,1.22E-16,-1,3,0
35.1,90,316,1,0,0,0,0.258819045,-0.965925826,3,0
22.6,47,297,0,0,1,0,1.22E-16,-1,1,1
31.4,52,172,0,0,1,0,-1,-1.84E-16,3,0
12.3,46,16,0,0,1,0,0.866025404,0.5,1,1
15.2,21,241,0,1,0,0,0.258819045,-0.965925826,1,1
17.1,83,212,0,0,0,1,-0.5,0.866025404,2,1
31.4,66,262,0,1,0,0,0.965925826,-0.258819045,3,0
30,72,108,0,1,0,0,0,1,1,0
13.1,86,189,0,0,0,1,-0.866025404,0.5,2,1
29.8,61,34,0,1,0,0,-0.5,-0.866025404,1,0
14.5,37,106,0,1,0,0,0,1,0,1
34.9,20,174,0,0,0,1,-0.258819045,0.965925826,2,0
26.5,45,26,0,1,0,0,0.866025404,0.5,1,0
33.6,59,349,1,0,0,0,0.866025404,-0.5,3,0
15.4,44,208,0,1,0,0,-0.5,0.866025404,1,1
22.8,65,321,1,0,0,0,-0.5,-0.866025404,1,1
10.8,83,151,0,0,0,1,0.965925826,-0.258819045,2,1
15.6,55,268,0,1,0,0,0.258819045,0.965925826,1,1
10.9,35,22,0,1,0,0,0.965925826,-0.258819045,0,1
26.1,43,164,0,0,0,1,0.5,0.866025404,1,0
20.1,97,241,0,1,0,0,-0.965925826,0.258819045,2,1
23.4,90,145,0,0,0,1,0.866025404,-0.5,2,1
34.8,78,187,1,0,0,0,-0.258819045,0.965925826,2,0
29.7,31,139,0,0,1,0,-0.5,-0.866025404,1,0
27.5,21,207,0,1,0,0,-0.5,-0.866025404,1,0
12.3,75,224,1,0,0,0,-0.707106781,0.707106781,1,1
23.4,44,219,1,0,0,0,-1,-1.84E-16,1,1
21.7,85,84,0,1,0,0,-0.866025404,0.5,2,1
20,24,325,0,0,1,0,0.707106781,-0.707106781,1,1
10.6,37,288,0,0,1,0,1,6.12E-17,0,1
35.1,83,63,0,0,1,0,0.258819045,0.965925826,3,0
26.1,48,340,0,1,0,0,-0.866025404,-0.5,1,0
25.5,54,75,0,0,1,0,0.258819045,0.965925826,2,0
15.1,79,355,0,0,1,0,0.965925826,0.258819045,1,1
23.2,76,146,0,0,0,1,-0.258819045,0.965925826,1,1
21.4,21,236,0,1,0,0,0.5,-0.866025404,1,1
12.6,79,240,0,1,0,0,0.866025404,-0.5,1,1
26.8,50,212,0,0,1,0,0.707106781,0.707106781,2,0
35.9,52,127,0,0,0,1,0.5,0.866025404,2,0
32.1,40,270,0,0,1,0,0.965925826,0.258819045,3,0
22.8,20,197,0,0,1,0,-0.5,-0.866025404,1,1
34.2,97,356,0,0,1,0,0.866025404,-0.5,3,0
18.9,86,348,0,1,0,0,-0.965925826,-0.258819045,3,1
11.2,34,198,0,0,0,1,0.965925826,-0.258819045,0,1
29.1,26,314,0,0,0,1,0.5,0.866025404,1,0
11.1,28,159,0,1,0,0,0.965925826,-0.258819045,0,1
21.6,96,348,0,1,0,0,1,6.12E-17,3,1
28.8,50,119,0,1,0,0,-0.866025404,-0.5,1,0
34.9,75,286,0,0,0,1,0.707106781,-0.707106781,2,0
32.8,27,270,0,1,0,0,1,6.12E-17,3,0
26.2,70,88,1,0,0,0,0.965925826,0.258819045,1,0
10.4,59,125,0,1,0,0,1.22E-16,-1,1,1
12,27,322,0,0,0,1,-0.5,-0.866025404,0,1
35,72,351,0,0,0,1,0.258819045,-0.965925826,2,0
27.2,39,362,0,0,1,0,-0.866025404,-0.5,1,0
25.9,62,61,0,0,0,1,0.965925826,-0.258819045,1,0
29.2,76,31,0,0,1,0,-0.707106781,-0.707106781,2,0
29.5,36,23,1,0,0,0,0.965925826,0.258819045,1,0
31.4,65,132,0,0,0,1,0.258819045,0.965925826,2,0
15.2,49,311,0,0,1,0,-0.866025404,0.5,1,1
15.1,28,6,0,1,0,0,-0.5,-0.866025404,1,1
19.7,73,326,0,1,0,0,0.866025404,0.5,1,1
10.6,29,273,1,0,0,0,-0.258819045,0.965925826,0,1
29.1,63,320,0,0,1,0,0.965925826,-0.258819045,2,0
25.7,39,131,0,0,0,1,-0.965925826,-0.258819045,1,0
21,97,296,1,0,0,0,-0.258819045,0.965925826,2,1
23.8,49,81,0,1,0,0,-0.707106781,0.707106781,1,1
24.1,36,41,0,0,1,0,0.5,-0.866025404,1,1
30.3,26,298,0,0,1,0,-0.5,0.866025404,2,0
17.9,80,254,0,0,1,0,-0.866025404,0.5,1,1
21.4,55,79,0,0,1,0,1,6.12E-17,2,1
13.5,72,87,0,1,0,0,1.22E-16,-1,1,1
23.8,93,327,0,1,0,0,0.965925826,-0.258819045,3,1
10.4,30,180,1,0,0,0,-0.5,0.866025404,0,1
20,90,218,1,0,0,0,1.22E-16,-1,3,1
13.4,25,231,1,0,0,0,0.5,-0.866025404,0,1
33.1,56,369,1,0,0,0,-0.5,-0.866025404,3,0
20.4,69,92,0,0,1,0,-0.866025404,-0.5,2,1
30.6,36,35,0,0,0,1,0.258819045,0.965925826,2,0
16.3,84,101,0,0,0,1,1,6.12E-17,2,1
33.3,94,31,1,0,0,0,-0.707106781,-0.707106781,3,0
35.4,32,354,0,0,0,1,0,1,2,0
18.8,55,122,0,0,0,1,-0.258819045,-0.965925826,1,1
32.6,72,186,0,0,0,1,-0.965925826,0.258819045,2,0
10.8,29,38,1,0,0,0,1,6.12E-17,0,1
19.3,35,253,0,0,0,1,-0.258819045,-0.965925826,1,1
35.3,74,348,0,0,1,0,-0.965925826,-0.258819045,3,0
29.1,98,108,0,0,0,1,0.965925826,-0.258819045,2,0
26.7,78,316,0,1,0,0,-0.707106781,0.707106781,1,0
30.3,66,316,0,1,0,0,0.866025404,-0.5,3,0
11.2,54,306,0,1,0,0,0.707106781,0.707106781,1,1
21.8,89,30,0,1,0,0,0.258819045,-0.965925826,3,1
20.2,54,101,0,0,0,1,-0.707106781,0.707106781,1,1
10.8,60,224,1,0,0,0,-0.866025404,0.5,1,1
21.7,75,87,0,0,1,0,0.5,-0.866025404,2,1
26.7,45,147,0,0,1,0,-0.258819045,0.965925826,1,0
28,62,218,0,0,1,0,-0.866025404,0.5,2,0
22,36,219,0,0,0,1,0.965925826,-0.258819045,1,1
10.7,73,338,0,0,1,0,1,6.12E-17,1,1
20.6,34,113,0,1,0,0,0.866025404,0.5,1,1
34.6,58,165,0,0,1,0,-0.707106781,-0.707106781,3,0
19.7,50,266,0,1,0,0,0.258819045,0.965925826,1,1
13.7,44,241,0,1,0,0,1.22E-16,-1,1,1
30.3,83,99,1,0,0,0,-1,-1.84E-16,3,0
33,95,43,0,0,1,0,-0.258819045,-0.965925826,3,0
16.3,33,82,0,0,1,0,0.5,-0.866025404,1,1
10.6,97,210,1,0,0,0,-0.707106781,-0.707106781,3,1
14.2,31,390,0,1,0,0,-0.258819045,-0.965925826,0,1
15.9,71,191,0,0,1,0,0.707106781,0.707106781,1,1
28,62,288,1,0,0,0,0.5,0.866025404,2,0
17.8,72,63,0,0,1,0,0.866025404,-0.5,1,1
27.2,96,87,0,1,0,0,-0.258819045,-0.965925826,3,0
31.8,70,216,0,0,1,0,0.965925826,0.258819045,3,0
11,86,155,0,0,0,1,-0.866025404,-0.5,2,1
28.9,31,371,0,0,1,0,0.965925826,-0.258819045,1,0
26,46,77,0,1,0,0,0.707106781,0.707106781,1,0
23.4,59,352,0,0,1,0,-0.707106781,0.707106781,2,1
16.1,76,101,0,1,0,0,0.258819045,-0.965925826,1,1
17.2,74,99,0,1,0,0,1.22E-16,-1,1,1
34.9,47,49,0,0,1,0,-0.5,-0.866025404,3,0
26.6,25,237,0,0,1,0,0.258819045,-0.965925826,1,0
24.3,75,396,1,0,0,0,-0.5,-0.866025404,1,1
25.4,90,29,0,0,1,0,-0.866025404,0.5,2,0
25.7,43,230,0,0,0,1,-0.258819045,0.965925826,1,0
14.7,42,282,1,0,0,0,-0.5,-0.866025404,1,1
20.5,78,14,0,0,0,1,-0.258819045,0.965925826,1,1
31.5,68,172,0,0,1,0,-0.707106781,0.707106781,2,0
10.1,85,144,0,0,0,1,0.258819045,-0.965925826,2,1
19.9,23,333,0,1,0,0,0.258819045,-0.965925826,1,1
13.4,60,193,1,0,0,0,-0.5,0.866025404,1,1
30.6,25,33,0,1,0,0,-0.707106781,-0.707106781,3,0
28.4,75,112,0,0,0,1,-0.866025404,0.5,1,0
22.2,89,122,1,0,0,0,-0.965925826,0.258819045,2,1
21.2,46,385,0,0,0,1,1.22E-16,-1,1,1
28.5,86,141,0,0,1,0,0.258819045,0.965925826,3,0
17,29,59,0,0,0,1,-0.5,-0.866025404,1,1
15.6,82,83,0,0,0,1,0.5,0.866025404,2,1
12.9,22,54,0,1,0,0,0.5,0.866025404,0,1
23.5,52,241,0,0,1,0,-0.258819045,-0.965925826,2,1
17.4,53,399,0,0,0,1,0.707106781,-0.707106781,1,1
15.7,99,247,0,0,0,1,1,6.12E-17,2,1
14,70,99,0,0,1,0,-0.707106781,0.707106781,1,1
35,75,391,0,0,0,1,1.22E-16,-1,2,0
16.6,68,246,0,0,0,1,0.707106781,-0.707106781,1,1
34.3,87,23,0,0,1,0,0.866025404,0.5,3,0
16.6,41,385,1,0,0,0,0.965925826,-0.258819045,1,0
22.3,59,120,1,0,0,0,-0.965925826,-0.258819045,1,1
15.5,55,108,0,1,0,0,-0.965925826,0.258819045,1,1
32.1,28,56,1,0,0,0,0.866025404,0.5,3,0
10.9,40,84,0,0,1,0,0.5,-0.866025404,1,1
24,95,84,0,1,0,0,-0.965925826,0.258819045,2,1
31,53,166,1,0,0,0,1.22E-16,-1,3,0
17.5,77,187,0,0,0,1,0.965925826,0.258819045,1,1
31.4,81,206,1,0,0,0,-0.258819045,-0.965925826,3,0
18.1,49,380,0,0,0,1,-0.866025404,0.5,1,1
14.5,31,91,0,0,1,0,0.965925826,0.258819045,0,1
31,33,397,0,0,1,0,1,6.12E-17,3,0
18.5,66,26,0,1,0,0,-0.965925826,-0.258819045,1,1
32.3,74,355,0,1,0,0,0.5,-0.866025404,3,0
34,62,148,0,0,0,1,0.965925826,0.258819045,2,0
18.2,44,226,1,0,0,0,-1,-1.84E-16,1,1
17.1,94,350,0,1,0,0,-0.965925826,-0.258819045,3,1
29,41,307,1,0,0,0,0.965925826,0.258819045,1,0
19.1,56,7,0,0,1,0,-0.5,0.866025404,1,1
31.3,46,360,0,0,0,1,-1,-1.84E-16,2,0
22.7,95,119,0,0,1,0,-0.866025404,0.5,2,1
10.7,89,25,0,1,0,0,0.258819045,0.965925826,3,1
14.5,74,136,0,0,0,1,-0.866025404,-0.5,1,1
32.8,78,182,1,0,0,0,0.5,0.866025404,3,0
22.6,44,227,0,1,0,0,1,6.12E-17,1,1
23.4,57,394,0,0,1,0,-0.5,0.866025404,2,1
26,62,63,0,1,0,0,-0.258819045,0.965925826,1,0
25.1,63,135,0,0,0,1,0.965925826,0.258819045,1,0
22.8,93,261,1,0,0,0,-1,-1.84E-16,3,1
32.5,21,219,0,1,0,0,0.707106781,0.707106781,3,0
15.5,81,188,1,0,0,0,-1,-1.84E-16,3,1
12,88,386,0,0,0,1,-0.866025404,-0.5,2,1
24.4,30,374,0,0,0,1,0.5,-0.866025404,1,1
16,85,133,0,0,0,1,0.707106781,0.707106781,2,1
16.5,23,43,0,1,0,0,-0.707106781,-0.707106781,1,1
26.2,37,386,1,0,0,0,-0.258819045,0.965925826,1,0
16.7,91,120,0,0,1,0,0.965925826,-0.258819045,3,1
35.7,95,351,1,0,0,0,0.258819045,-0.965925826,3,0
17.7,91,74,0,0,1,0,0.866025404,-0.5,3,1
19.2,24,206,1,0,0,0,-0.258819045,0.965925826,1,1
29.3,35,181,0,1,0,0,-0.258819045,-0.965925826,1,0
28,20,146,1,0,0,0,0.258819045,-0.965925826,1,0
18.2,87,47,0,0,1,0,0.5,-0.866025404,3,1
25.9,73,63,0,0,1,0,1,6.12E-17,2,0
14.8,88,85,1,0,0,0,1,6.12E-17,3,1
22,87,43,0,0,1,0,1,6.12E-17,3,1
22.8,27,142,0,0,0,1,0.5,-0.866025404,1,1
26.9,72,146,0,0,0,1,-0.258819045,0.965925826,1,0
32.9,48,333,0,0,0,1,-0.258819045,-0.965925826,2,0
24.9,55,385,0,1,0,0,-0.258819045,0.965925826,1,1
16.8,35,115,1,0,0,0,1.22E-16,-1,1,1
29.5,26,172,0,1,0,0,0.866025404,-0.5,1,0
18,25,51,1,0,0,0,0.5,0.866025404,1,1
21.7,31,142,0,1,0,0,-0.707106781,0.707106781,1,1
29.8,22,141,0,1,0,0,0.965925826,-0.258819045,1,0
13.5,26,331,1,0,0,0,0.866025404,-0.5,0,1
28.6,58,15,0,0,0,1,0,1,1,0
26.6,41,106,1,0,0,0,1,6.12E-17,1,0
24.2,58,270,0,0,0,1,-0.707106781,0.707106781,1,1
16.7,97,255,0,0,0,1,0.5,0.866025404,2,1
32.8,32,182,0,1,0,0,-0.965925826,-0.258819045,3,0
15.1,63,128,0,1,0,0,-0.258819045,-0.965925826,1,1
24.5,21,121,1,0,0,0,0.5,0.866025404,1,1
35.5,62,384,1,0,0,0,0.965925826,0.258819045,3,0
33.8,82,361,0,0,1,0,-0.866025404,-0.5,3,0
31.3,82,111,0,1,0,0,0,1,3,0
35.9,56,394,1,0,0,0,-0.866025404,0.5,2,0
24.6,78,104,0,0,1,0,0.707106781,0.707106781,2,1
14.5,54,136,1,0,0,0,1,6.12E-17,1,1
31.1,69,161,0,0,0,1,-0.258819045,0.965925826,2,0
13.5,95,206,1,0,0,0,-0.707106781,0.707106781,2,1
27.2,86,180,0,0,0,1,-0.5,0.866025404,2,0
28.6,82,253,1,0,0,0,0.866025404,-0.5,3,0
30.5,45,130,1,0,0,0,0,1,3,0
26,31,344,0,1,0,0,0.258819045,-0.965925826,1,0
33.6,75,85,0,0,1,0,1,6.12E-17,3,0
28.8,68,2,0,0,0,1,-0.258819045,-0.965925826,1,0
22.3,24,230,1,0,0,0,1.22E-16,-1,1,1
14.2,70,162,1,0,0,0,1.22E-16,-1,1,1
20.6,50,257,0,0,1,0,0.866025404,0.5,2,1
30.9,59,274,0,1,0,0,0.707106781,-0.707106781,3,0
10.1,30,153,0,0,0,1,0.866025404,0.5,0,1
12.8,20,171,0,0,1,0,-0.965925826,-0.258819045,0,1
14.8,92,189,0,0,1,0,1,6.12E-17,3,1
11.6,72,324,0,0,1,0,0.965925826,-0.258819045,1,1
13.5,78,286,1,0,0,0,0.707106781,0.707106781,1,1
20.4,70,101,0,0,1,0,-0.866025404,-0.5,2,1
21,91,323,1,0,0,0,-0.965925826,-0.258819045,3,1
25.8,31,176,0,1,0,0,-0.866025404,0.5,1,0
20.5,52,225,1,0,0,0,0.707106781,-0.707106781,1,0
19.9,83,152,0,0,0,1,0,1,2,1
30.2,96,60,0,1,0,0,0.5,-0.866025404,3,0
27.9,56,132,0,0,0,1,-1,-1.84E-16,1,0
20.1,89,326,1,0,0,0,-0.5,-0.866025404,3,1
31.6,21,338,1,0,0,0,-0.258819045,0.965925826,2,0
18.1,79,323,0,0,0,1,-0.866025404,-0.5,1,1
25.7,37,70,1,0,0,0,1.22E-16,-1,1,0
11.4,62,38,1,0,0,0,0.965925826,-0.258819045,1,1
33.7,61,386,0,0,1,0,-0.707106781,0.707106781,2,0
31.9,60,389,0,1,0,0,0.866025404,0.5,3,0
31.1,59,159,0,1,0,0,-0.965925826,-0.258819045,3,0
23.8,56,100,0,1,0,0,-0.866025404,0.5,1,1
14.8,49,110,0,0,0,1,0.965925826,0.258819045,1,1
17.7,28,174,0,0,0,1,-0.965925826,0.258819045,1,1
20,38,311,0,0,1,0,-0.707106781,-0.707106781,1,1
11.6,30,2,0,0,1,0,0.258819045,-0.965925826,0,1
16.6,67,373,0,1,0,0,0.866025404,-0.5,1,1
27.7,59,46,0,1,0,0,0.965925826,0.258819045,1,0
30.7,28,282,0,0,1,0,-0.866025404,-0.5,3,0
13.1,95,390,0,0,0,1,-0.5,-0.866025404,2,1
28.1,91,15,1,0,0,0,0.5,-0.866025404,3,0
23,98,370,0,1,0,0,-0.965925826,0.258819045,2,1
32.8,48,238,0,0,0,1,1.22E-16,-1,2,0
15,22,349,1,0,0,0,-0.965925826,0.258819045,1,1
26.2,53,27,0,0,0,1,-0.707106781,0.707106781,1,0
14,64,71,0,0,1,0,0.866025404,-0.5,1,1
23.7,33,5,0,0,0,1,-0.707106781,-0.707106781,1,1
12.7,70,333,0,0,1,0,-1,-1.84E-16,1,1
13.1,70,184,0,0,1,0,-0.707106781,0.707106781,1,1
14.5,47,202,0,1,0,0,0.258819045,0.965925826,1,1
20.1,36,306,0,0,0,1,0.5,-0.866025404,1,1
12.3,28,36,1,0,0,0,-0.965925826,0.258819045,0,1
28.3,35,357,0,1,0,0,0.707106781,-0.707106781,1,0
20,38,356,0,0,1,0,-0.965925826,-0.258819045,1,1
25.1,62,133,0,0,0,1,-0.866025404,-0.5,1,0
31.1,43,14,0,1,0,0,-0.965925826,0.258819045,2,0
25.2,98,143,1,0,0,0,-0.965925826,-0.258819045,3,0
18.1,86,80,0,0,1,0,-0.965925826,0.258819045,2,1
27.9,87,188,0,1,0,0,0.258819045,-0.965925826,3,0
33.5,95,162,1,0,0,0,-0.5,0.866025404,2,0
24.8,79,343,0,0,1,0,0.707106781,-0.707106781,2,1
24,93,75,0,0,0,1,-0.965925826,0.258819045,2,1
29.2,41,45,0,0,0,1,-0.965925826,0.258819045,1,0
31.1,35,285,0,0,1,0,-1,-1.84E-16,3,0
21.1,68,219,0,1,0,0,0.258819045,-0.965925826,2,1
34.6,22,42,1,0,0,0,-0.258819045,0.965925826,2,0
21.9,73,215,1,0,0,0,0.707106781,-0.707106781,1,0
15.4,52,400,0,1,0,0,0.707106781,0.707106781,1,1
23.4,54,59,0,0,0,1,-0.965925826,-0.258819045,1,1
13.1,21,190,0,0,0,1,1,6.12E-17,0,1
12.5,86,41,0,0,0,1,-0.258819045,-0.965925826,2,1
32,41,179,1,0,0,0,-0.258819045,-0.965925826,3,0
10.7,53,286,0,0,1,0,-0.707106781,-0.707106781,1,1
19.2,41,213,0,0,0,1,-0.866025404,0.5,1,1
26.4,74,3,1,0,0,0,-0.965925826,-0.258819045,1,0
15.2,44,379,0,0,0,1,-0.5,0.866025404,1,1
32.1,90,173,0,0,0,1,0,1,2,0
29.3,89,206,0,0,0,1,-0.965925826,-0.258819045,2,0
15,72,144,0,0,0,1,-0.866025404,-0.5,1,1
32.6,42,227,0,1,0,0,0.965925826,-0.258819045,3,0
33.3,97,185,0,0,1,0,-0.5,-0.866025404,3,0
15.3,51,323,1,0,0,0,0,1,1,1
33.6,63,158,0,0,1,0,-0.965925826,-0.258819045,3,0
13.7,89,18,0,1,0,0,0.866025404,0.5,3,1
28.8,31,332,0,0,0,1,0.866025404,0.5,1,0
32,91,55,1,0,0,0,0.5,0.866025404,3,0
12.2,32,38,0,1,0,0,-0.707106781,0.707106781,0,1
15.8,34,156,0,0,1,0,-0.258819045,-0.965925826,1,1
30.2,45,261,0,0,1,0,-0.5,0.866025404,2,0
11.9,24,58,0,0,0,1,-0.258819045,0.965925826,0,1
18.8,35,44,0,0,1,0,-0.5,0.866025404,1,1
10.2,88,177,1,0,0,0,0.5,-0.866025404,3,1
32.9,24,59,1,0,0,0,0.258819045,0.965925826,3,0
19.6,69,73,0,0,0,1,1.22E-16,-1,1,1
32.8,83,337,0,1,0,0,0.707106781,-0.707106781,3,0
21.9,57,123,1,0,0,0,-0.707106781,-0.707106781,1,1
10.9,48,381,0,0,1,0,0.965925826,-0.258819045,1,1
23.9,72,32,0,0,1,0,1,6.12E-17,2,1
34.9,33,130,0,0,1,0,-0.5,-0.866025404,3,0
14.2,27,153,0,0,0,1,0.965925826,-0.258819045,0,1
10.3,22,193,0,0,1,0,1,6.12E-17,0,1
31.8,82,209,0,1,0,0,0.707106781,-0.707106781,3,0
30,52,157,0,1,0,0,-0.258819045,0.965925826,1,0
12.2,44,175,0,1,0,0,0.707106781,-0.707106781,1,1
31.3,81,161,0,0,0,1,0.866025404,0.5,2,0
17.5,59,366,1,0,0,0,-0.5,-0.866025404,1,1
27,95,214,0,1,0,0,0.965925826,-0.258819045,3,0
11.2,95,196,1,0,0,0,0.258819045,-0.965925826,3,1
23.8,26,24,0,1,0,0,0.5,-0.866025404,1,1
10.9,98,234,0,0,0,1,-0.258819045,0.965925826,2,1
29.2,49,297,0,1,0,0,-0.866025404,0.5,1,0
17.3,67,366,0,0,0,1,-0.965925826,-0.258819045,1,1
22.1,22,206,0,1,0,0,-0.866025404,-0.5,1,1
22.2,84,305,0,0,0,1,-0.965925826,-0.258819045,2,1
26.4,41,110,0,0,1,0,0.707106781,0.707106781,1,0
19.6,24,88,0,0,1,0,-0.707106781,0.707106781,1,1
19.9,44,125,1,0,0,0,-0.707106781,0.707106781,1,1
16.3,93,377,1,0,0,0,-0.258819045,0.965925826,2,1
16.2,30,394,0,0,1,0,0.965925826,0.258819045,1,1
11.8,37,53,0,0,0,1,0.965925826,-0.258819045,0,1
30.9,24,300,0,0,1,0,0.258819045,0.965925826,3,0
10.8,45,138,0,0,0,1,0.5,-0.866025404,1,1
26.1,47,141,0,0,0,1,0.5,-0.866025404,1,0
28.6,51,40,0,0,1,0,-0.965925826,0.258819045,2,0
26.1,88,222,0,0,0,1,0.866025404,0.5,2,0
25.1,48,309,0,1,0,0,-0.965925826,-0.258819045,1,0
24.4,50,59,0,1,0,0,0.707106781,-0.707106781,1,1
22.2,68,350,1,0,0,0,0.866025404,0.5,1,0
18.3,21,176,0,0,0,1,0.707106781,-0.707106781,1,1
18.3,30,283,1,0,0,0,-0.866025404,-0.5,1,1
28,91,210,0,0,0,1,1.22E-16,-1,2,0
29.6,41,144,0,0,0,1,-0.5,0.866025404,1,0
22.4,78,304,0,1,0,0,-0.866025404,0.5,1,1
21.5,66,40,0,0,0,1,1.22E-16,-1,2,1
35.8,78,337,0,0,0,1,-0.866025404,-0.5,2,0
34.4,94,99,0,0,0,1,0.5,-0.866025404,2,0
24.9,71,343,0,1,0,0,-0.258819045,0.965925826,1,1
15.5,57,226,0,0,1,0,-0.258819045,-0.965925826,1,1
28.8,89,151,0,0,0,1,1.22E-16,-1,2,0
22.6,65,215,0,0,1,0,0.258819045,-0.965925826,2,1
10.6,31,324,0,1,0,0,0,1,0,1
16.2,70,97,0,0,1,0,-0.258819045,-0.965925826,1,1
22,85,183,1,0,0,0,1,6.12E-17,3,0
17.6,58,164,0,0,0,1,0.5,0.866025404,1,1
35.8,67,272,0,0,1,0,-1,-1.84E-16,3,0
27,58,178,0,0,1,0,1.22E-16,-1,2,0
34.2,27,179,0,0,1,0,0.866025404,0.5,3,0
16.2,35,304,1,0,0,0,0.965925826,0.258819045,1,0
35.3,50,24,0,0,0,1,-0.258819045,-0.965925826,2,0
12.9,36,33,1,0,0,0,0.258819045,-0.965925826,0,1
13.2,84,85,0,0,0,1,0.5,0.866025404,2,1
18.5,89,296,1,0,0,0,-0.707106781,0.707106781,2,1
32.9,40,223,0,0,0,1,0.707106781,0.707106781,2,0
21.9,80,77,0,1,0,0,0.5,-0.866025404,2,1
29.4,64,98,0,0,0,1,-0.965925826,0.258819045,1,0
14.9,73,4,1,0,0,0,1,6.12E-17,1,1
11.9,58,176,0,0,1,0,-0.965925826,0.258819045,1,1
18.6,25,321,0,0,0,1,-0.965925826,-0.258819045,1,1
21.6,97,70,1,0,0,0,0.5,0.866025404,3,1
31.2,80,152,1,0,0,0,0,1,3,0
31.5,82,382,0,0,0,1,0.965925826,-0.258819045,2,0
34.5,21,272,0,1,0,0,-0.5,0.866025404,2,0
34.3,70,190,1,0,0,0,-0.965925826,0.258819045,2,0
35.2,55,168,1,0,0,0,-0.866025404,0.5,2,0
12.1,83,155,1,0,0,0,1.22E-16,-1,3,1
14.6,67,142,0,0,1,0,-0.5,-0.866025404,1,1
28.9,63,71,0,0,0,1,-1,-1.84E-16,1,0
16.2,79,290,1,0,0,0,0.965925826,-0.258819045,1,0
35.1,47,234,0,0,1,0,0.258819045,0.965925826,3,0
23.4,66,339,0,0,1,0,-0.866025404,0.5,2,1
16.6,22,137,0,0,1,0,-0.866025404,-0.5,1,1
26.6,33,176,0,1,0,0,0.866025404,-0.5,1,0
12.3,79,35,0,0,0,1,-0.965925826,-0.258819045,1,1
35.6,92,240,0,1,0,0,-1,-1.84E-16,3,0
21.2,84,399,1,0,0,0,-0.866025404,-0.5,3,1
35.4,48,389,0,0,0,1,0.965925826,-0.258819045,2,0
15.5,63,26,1,0,0,0,-0.5,0.866025404,1,1
30.3,76,126,0,1,0,0,0.866025404,-0.5,3,0
15.8,55,324,0,0,1,0,1.22E-16,-1,1,1
33.5,85,273,0,0,1,0,-1,-1.84E-16,3,0
11.8,58,121,0,0,1,0,1.22E-16,-1,1,1
28.5,77,257,1,0,0,0,-1,-1.84E-16,1,0
33.4,82,263,0,0,1,0,0,1,3,0
12.7,70,164,0,0,1,0,0.965925826,0.258819045,1,1
35,31,381,0,1,0,0,-0.5,0.866025404,2,0
19.7,36,3,0,0,1,0,0.5,-0.866025404,1,1
21.3,79,379,1,0,0,0,0.707106781,-0.707106781,1,0
20.8,65,41,1,0,0,0,0.258819045,0.965925826,2,1
32.4,82,80,0,0,0,1,-0.258819045,-0.965925826,2,0
20.9,24,277,0,1,0,0,-0.866025404,-0.5,1,1
24.2,68,203,0,1,0,0,-0.866025404,0.5,1,1
20.3,67,359,1,0,0,0,0.965925826,0.258819045,1,0
19.1,45,322,0,0,1,0,1.22E-16,-1,1,1
23.4,85,47,0,0,0,1,-0.866025404,-0.5,2,1
11.9,80,87,0,1,0,0,0.866025404,-0.5,1,1
17.6,88,229,0,1,0,0,0.5,0.866025404,3,1
25.7,38,245,1,0,0,0,-0.258819045,0.965925826,1,0
27,25,324,0,1,0,0,0.5,-0.866025404,1,0
18.9,59,71,1,0,0,0,-0.866025404,-0.5,1,1
14.2,59,50,0,0,0,1,0.258819045,-0.965925826,1,1
12.5,94,143,1,0,0,0,-0.258819045,0.965925826,2,1
10.9,83,163,0,1,0,0,0.707106781,-0.707106781,3,1
11.3,60,66,0,0,1,0,0.965925826,-0.258819045,1,1
32.4,78,51,0,0,0,1,-0.866025404,0.5,2,0
31.1,29,337,1,0,0,0,0.258819045,-0.965925826,3,0
19,96,352,0,1,0,0,0.707106781,-0.707106781,3,1
17,78,186,0,0,0,1,0.965925826,0.258819045,1,1
27.5,98,27,0,1,0,0,-0.707106781,0.707106781,2,0
18.8,67,362,0,0,1,0,-0.5,-0.866025404,1,1
11.7,83,158,0,1,0,0,0.707106781,0.707106781,3,1
33.4,86,185,1,0,0,0,1.22E-16,-1,3,0
11.9,97,125,0,1,0,0,-0.258819045,0.965925826,2,1
15.9,84,351,1,0,0,0,0.258819045,-0.965925826,3,1
15.1,44,81,0,0,0,1,-0.866025404,-0.5,1,1
16.2,99,384,0,0,1,0,0.965925826,-0.258819045,3,1
35.3,93,66,0,0,0,1,0.5,0.866025404,2,0
20.4,21,195,0,1,0,0,0.258819045,-0.965925826,1,1
20.4,31,14,1,0,0,0,-0.866025404,-0.5,1,1
35.6,87,134,1,0,0,0,0.866025404,0.5,3,0
12.8,35,69,0,1,0,0,-0.707106781,-0.707106781,0,1
18.6,82,263,0,1,0,0,0.707106781,-0.707106781,3,1
26.2,98,291,0,0,1,0,-0.707106781,0.707106781,2,0
19.2,60,29,0,1,0,0,-0.258819045,0.965925826,1,1
34.2,22,138,0,0,0,1,0.5,-0.866025404,2,0
16.2,75,45,0,0,0,1,-0.965925826,0.258819045,1,1
17.6,94,45,0,0,0,1,0,1,2,1
31,70,229,0,0,0,1,-0.866025404,0.5,2,0
16.2,26,145,0,0,1,0,-0.866025404,-0.5,1,1
35.2,27,380,0,0,0,1,0.5,-0.866025404,2,0
20,57,368,0,0,1,0,0.707106781,0.707106781,2,1
18.4,65,120,0,0,1,0,-0.5,-0.866025404,1,1
29.7,63,292,1,0,0,0,-0.707106781,0.707106781,1,0
25.1,21,387,0,0,1,0,-0.258819045,0.965925826,1,0
25.9,20,111,0,1,0,0,0.258819045,0.965925826,1,0
15.8,46,92,0,0,1,0,1.22E-16,-1,1,1
18.7,38,96,0,0,0,1,-0.258819045,0.965925826,1,1
11.4,25,169,1,0,0,0,0.866025404,-0.5,0,1
30.4,99,148,0,1,0,0,0.965925826,-0.258819045,3,0
29.5,88,362,0,0,0,1,0.866025404,0.5,2,0
12.8,39,341,1,0,0,0,0.707106781,-0.707106781,0,1
26.4,36,109,1,0,0,0,-0.707106781,0.707106781,1,0
34.9,40,19,1,0,0,0,-0.707106781,0.707106781,2,0
10.7,49,63,0,1,0,0,-0.258819045,-0.965925826,1,1
18.5,38,236,1,0,0,0,0.707106781,-0.707106781,1,0
18.3,35,216,0,0,0,1,-0.5,-0.866025404,1,1
0.212964162,0.236870559,0.707086477,0,1,1,0,-0.01462508,0.999893048,0,1
0.136371476,0.780525515,0.050226011,0,0,0,0,0.99637723,-0.08504361,2,1
0.014544666,0.274806036,0.072901835,0,1,1,1,0.983296327,-0.182011904,3,1
0.350587559,0.822614319,0.402873283,1,0,0,0,-0.4219536,0.906617427,2,1
0.589917687,0.423738254,0.295290494,0,1,1,0,0.154227312,0.988035392,0,0
0.392244045,0.667549899,0.232384323,0,0,1,0,-0.944422484,-0.328734196,2,1
0.437474922,0.095535314,0.281004499,0,0,1,1,-0.988007075,-0.154408612,3,1
0.904158694,0.623859325,0.803482743,0,0,0,0,-0.856300548,0.516477851,0,0
0.348255467,0.451767679,0.929228054,0,1,0,1,-0.159913029,0.987131107,1,1
0.513989489,0.586608463,0.405102695,0,0,1,1,-0.152697948,0.988272906,3,0
0.783653013,0.168014208,0.906111002,1,1,1,0,0.39874319,0.91706263,3,0
0.862363709,0.2167398,0.226028998,1,0,0,1,-0.799088709,-0.601213136,1,0
0.949520624,0.095714556,0.640476042,1,0,1,1,0.721832386,0.69206792,3,0
0.147073481,0.023638586,0.978981115,0,1,0,0,-0.809707671,-0.586833441,0,1
0.926587625,0.6419715,0.603493096,1,0,1,0,-0.109843099,0.993948939,1,0
0.492116293,0.607094036,0.357814084,1,0,0,0,-0.526144389,0.85039525,1,1
0.459135756,0.231947096,0.122920678,1,0,1,1,0.24837325,0.968664404,3,1
0.980032575,0.390905996,0.88865908,1,0,1,0,0.76124801,-0.648460844,2,0
0.492618094,0.594476335,0.503083951,1,0,0,0,-0.887006705,0.461756542,2,1
0.32875161,0.496766859,0.449349742,1,0,0,1,-0.953924957,-0.300045292,1,1
0.633400854,0.98778552,0.585864788,1,1,0,1,0.252682134,-0.967549347,2,0
0.240145619,0.136439753,0.624783863,0,1,1,1,0.3393381,0.940664475,2,1
0.128879722,0.404318768,0.682617221,1,1,0,1,0.193395728,-0.981120835,1,1
0.128045839,0.428199615,0.24193168,1,1,1,0,-0.433973722,0.900925529,3,1
0.151902694,0.717597766,0.713952633,0,0,1,1,-0.77484517,-0.63215106,1,1
0.640874745,0.991255994,0.803958508,1,0,0,0,-0.158409246,-0.987373542,2,0
0.181880084,0.128394289,0.552500967,0,1,1,0,0.403224466,0.915101104,3,1
0.345667283,0.104109649,0.520169892,0,1,0,0,-0.171506731,0.985182948,1,1
0.89678841,0.724338817,0.142875961,0,1,0,1,0.770273278,-0.637713946,2,0
0.47396164,0.578386917,0.77534615,1,0,0,1,0.138615727,-0.990346243,1,1
0.667557739,0.274160667,0.27140938,1,1,0,1,0.789060168,-0.614315921,3,0
0.172319871,0.079419369,0.496695423,0,0,0,0,-0.911433604,-0.411447185,1,1
0.192289019,0.08565825,0.284274093,0,0,1,1,-0.851759645,-0.523932731,1,1
0.040868616,0.894190875,0.133828363,1,1,0,0,-0.97635653,-0.21616643,1,1
0.168935063,0.191867325,0.629557697,0,0,0,0,0.993509344,-0.113750528,2,1
0.278590339,0.323371562,0.054332035,1,1,0,0,0.916078438,-0.400999121,3,1
0.177010484,0.226656402,0.748645234,1,0,1,1,0.70822209,0.70598971,3,1
0.088702534,0.354996306,0.317586795,0,0,1,1,-0.82887738,-0.559430326,2,1
0.120635871,0.069423843,0.000134693,0,1,1,0,0.247455046,0.968899376,2,1
0.460778768,0.519059791,0.511129139,1,1,1,1,-0.575942186,-0.817490427,2,1
10.5,66,219,0,0,1,0,-1,-1.84E-16,1,1
30.7,83,368,0,0,1,0,0.866025404,0.5,3,0
30.4,89,6,0,0,1,0,-1,-1.84E-16,3,0
31.8,71,280,0,1,0,0,0.5,0.866025404,3,0
27,63,131,1,0,0,0,0.866025404,0.5,1,0
19.9,30,75,0,0,1,0,-0.5,-0.866025404,1,1
17.3,87,23,0,0,0,1,-0.707106781,-0.707106781,2,1
10.7,71,272,0,1,0,0,-0.866025404,0.5,1,1
15.5,94,28,0,0,0,1,0.965925826,0.258819045,2,1
11.3,97,333,0,0,1,0,-0.707106781,-0.707106781,3,1
33.7,27,98,0,0,1,0,-0.707106781,-0.707106781,3,0
30.1,46,298,0,1,0,0,0.866025404,-0.5,3,0
12.9,37,182,1,0,0,0,0.258819045,0.965925826,0,1
31,52,257,0,1,0,0,0.707106781,0.707106781,3,0
19.4,59,89,0,0,0,1,1.22E-16,-1,1,1
22.8,87,83,0,1,0,0,-0.965925826,-0.258819045,3,1
12.6,73,190,0,1,0,0,0.258819045,0.965925826,1,1
22.2,61,200,0,0,1,0,-0.258819045,-0.965925826,2,1
35.2,63,269,0,1,0,0,-0.5,0.866025404,2,0
27.3,61,20,1,0,0,0,-0.5,0.866025404,1,0
31.8,82,188,0,0,0,1,0.5,-0.866025404,2,0
20,54,135,1,0,0,0,1.22E-16,-1,2,1
19.7,81,324,0,0,0,1,0.258819045,-0.965925826,2,1
31.1,43,161,0,1,0,0,-0.866025404,-0.5,3,0
29.7,29,118,1,0,0,0,0.5,0.866025404,1,0
30.5,57,380,0,0,1,0,0.965925826,0.258819045,3,0
22.7,54,303,0,1,0,0,0.965925826,-0.258819045,1,1
17,96,168,0,0,0,1,-0.866025404,0.5,2,1
25.2,74,323,0,1,0,0,-0.258819045,0.965925826,1,0
28.2,34,288,0,0,1,0,0.965925826,0.258819045,1,0
15.9,96,316,0,0,0,1,0.866025404,0.5,2,1
33.9,85,143,1,0,0,0,0,1,3,0
13.3,52,215,0,0,0,1,-0.707106781,-0.707106781,1,1
12.3,69,131,0,0,0,1,0.258819045,-0.965925826,1,1
11.5,35,207,0,0,0,1,-0.5,0.866025404,0,1
22.3,20,210,0,0,1,0,-0.965925826,-0.258819045,1,1
29.3,31,188,1,0,0,0,-0.5,0.866025404,1,0
21.4,66,191,0,0,0,1,1.22E-16,-1,2,1
21.3,88,40,0,0,0,1,0.866025404,0.5,2,1
26.7,97,161,0,0,0,1,1,6.12E-17,2,0
30.7,79,332,0,0,1,0,0.965925826,-0.258819045,3,0
22.5,34,276,0,0,0,1,-0.965925826,0.258819045,1,1
16.1,39,224,0,0,0,1,0.965925826,-0.258819045,1,1
26.3,37,299,0,1,0,0,0.965925826,-0.258819045,1,0
11.3,57,169,1,0,0,0,0,1,1,1
35.8,25,150,0,1,0,0,-1,-1.84E-16,3,0
23.1,91,329,0,1,0,0,-0.707106781,0.707106781,2,1
21.6,69,144,0,1,0,0,-0.5,-0.866025404,1,1
28.5,86,232,0,0,0,1,-0.866025404,-0.5,2,0
28.7,91,375,0,1,0,0,-1,-1.84E-16,3,0
28.9,93,193,0,0,0,1,0.707106781,-0.707106781,2,0
20.5,92,306,0,0,0,1,-0.707106781,-0.707106781,2,1
26.1,38,69,1,0,0,0,1.22E-16,-1,1,0
20.6,45,62,0,0,0,1,-1,-1.84E-16,1,1
32.8,63,370,1,0,0,0,-0.866025404,-0.5,3,0
16.6,47,55,0,0,1,0,-0.5,0.866025404,1,1
23,90,378,0,0,1,0,-0.866025404,-0.5,3,1
35.7,76,272,0,0,1,0,-0.5,0.866025404,2,0
23.5,98,359,0,0,1,0,1.22E-16,-1,3,1
29.9,34,182,0,0,0,1,-0.258819045,-0.965925826,1,0
15.2,92,331,0,0,0,1,0.5,-0.866025404,2,1
19.5,94,125,0,0,1,0,0.5,0.866025404,3,1
25.1,23,196,0,1,0,0,-0.965925826,0.258819045,1,0
18.7,71,350,0,0,1,0,-0.965925826,-0.258819045,1,1
34.1,44,41,0,0,1,0,-0.866025404,0.5,2,0
28.3,26,277,1,0,0,0,-0.258819045,0.965925826,1,0
24.5,46,21,1,0,0,0,0.258819045,0.965925826,1,1
23.8,20,65,0,1,0,0,0,1,1,1
26.4,33,74,0,1,0,0,0,1,1,0
20.6,42,324,0,0,1,0,0.965925826,0.258819045,1,1
29.8,21,94,0,0,1,0,0.5,0.866025404,1,0
20.5,21,230,1,0,0,0,-0.707106781,0.707106781,1,1
31.2,93,184,0,1,0,0,-0.866025404,0.5,2,0
27.3,72,127,1,0,0,0,0.258819045,0.965925826,2,0
12,49,183,1,0,0,0,1,6.12E-17,1,1
10,27,337,1,0,0,0,0,1,0,1
18.8,53,271,0,1,0,0,-0.258819045,0.965925826,1,1
19.5,82,7,0,0,0,1,0.965925826,-0.258819045,2,1
24.9,28,89,0,1,0,0,-0.965925826,-0.258819045,1,1
22.2,81,146,1,0,0,0,0.5,-0.866025404,3,1
24.3,77,53,0,0,0,1,0.707106781,-0.707106781,1,1
17.8,23,338,0,1,0,0,-0.866025404,-0.5,1,1
26.4,44,373,1,0,0,0,-0.866025404,0.5,1,0
10.4,38,26,0,0,0,1,0.258819045,0.965925826,0,1
19.1,89,297,0,1,0,0,-0.5,-0.866025404,3,1
24.6,46,83,0,1,0,0,0.866025404,-0.5,1,1
32.6,25,314,0,1,0,0,0.258819045,-0.965925826,3,0
22.6,49,399,1,0,0,0,0.965925826,-0.258819045,1,0
15.9,35,115,0,0,1,0,-0.866025404,-0.5,1,1
11.1,39,181,0,1,0,0,0.866025404,-0.5,0,1
14.5,29,104,0,0,1,0,0.965925826,-0.258819045,0,1
32.8,54,341,0,0,0,1,-0.965925826,0.258819045,2,0
10.2,33,349,0,0,0,1,0.5,-0.866025404,0,1
24.4,73,244,0,0,0,1,0.707106781,-0.707106781,1,1
35,65,72,1,0,0,0,-0.866025404,0.5,2,0
15.2,22,61,0,1,0,0,0.866025404,0.5,1,1
12,45,51,0,1,0,0,0.258819045,0.965925826,1,1
33.7,29,339,0,1,0,0,1,6.12E-17,3,0
14.4,49,370,1,0,0,0,0.707106781,-0.707106781,1,1
33.1,87,6,0,0,0,1,0.866025404,0.5,2,0
12,49,5,1,0,0,0,0,1,1,1
31.7,21,98,0,0,0,1,-0.258819045,0.965925826,2,0
11,30,327,0,0,1,0,-0.707106781,-0.707106781,0,1
29.5,88,37,0,1,0,0,0.258819045,0.965925826,3,0
17.7,21,226,0,1,0,0,0.258819045,-0.965925826,1,1
32.7,67,346,1,0,0,0,-0.707106781,-0.707106781,3,0
18.6,83,213,0,0,1,0,0.707106781,-0.707106781,3,1
23.3,97,369,0,1,0,0,-0.707106781,-0.707106781,3,1
17.2,73,393,0,0,0,1,0.707106781,0.707106781,1,1
15.2,48,384,0,0,0,1,-0.258819045,-0.965925826,1,1
17.9,90,325,0,1,0,0,0.707106781,-0.707106781,3,1
34.6,43,105,0,0,0,1,1,6.12E-17,2,0
14.3,24,268,0,0,1,0,0.707106781,-0.707106781,0,1
27.3,22,117,1,0,0,0,0.5,0.866025404,1,0
20.5,31,8,0,0,1,0,0.866025404,-0.5,1,1
28.1,72,220,0,0,0,1,0.258819045,-0.965925826,2,0
32.4,73,236,0,0,0,1,0,1,2,0
31.5,68,236,1,0,0,0,0.258819045,0.965925826,3,0
27.6,57,309,1,0,0,0,-0.866025404,-0.5,1,0
35.6,86,66,0,0,1,0,-0.866025404,-0.5,3,0
24,72,159,0,0,1,0,-0.258819045,0.965925826,2,1
34.3,80,361,1,0,0,0,-0.965925826,0.258819045,2,0
17.5,54,272,0,0,0,1,-0.5,-0.866025404,1,1
34.9,56,355,1,0,0,0,0.866025404,0.5,3,0
12.1,95,227,1,0,0,0,0.707106781,0.707106781,3,1
32.4,57,362,0,1,0,0,-0.5,-0.866025404,3,0
26.6,45,155,0,0,1,0,0.5,0.866025404,1,0
18.8,39,228,0,0,1,0,0.707106781,-0.707106781,1,1
32.7,28,147,0,1,0,0,0.5,-0.866025404,3,0
20.9,62,236,0,0,1,0,0,1,2,1
11.1,52,364,0,1,0,0,-0.965925826,0.258819045,1,1
29.9,95,177,0,0,0,1,0.866025404,0.5,2,0
19.7,59,174,0,1,0,0,0.866025404,-0.5,1,1
31.8,64,56,0,1,0,0,0.258819045,-0.965925826,3,0
23.3,89,147,1,0,0,0,0,1,3,1
22.7,73,361,0,0,0,1,-0.707106781,-0.707106781,1,1
23,42,264,0,0,1,0,1.22E-16,-1,1,1
22,28,75,0,0,1,0,-0.965925826,0.258819045,1,1
25.8,38,6,0,0,0,1,-0.5,0.866025404,1,0
13.7,83,142,0,1,0,0,1,6.12E-17,3,1
21.3,86,70,1,0,0,0,-0.965925826,0.258819045,2,1
32.4,71,387,1,0,0,0,0.258819045,-0.965925826,3,0
18,43,13,1,0,0,0,0.5,-0.866025404,1,1
24.1,59,301,0,0,0,1,-0.258819045,-0.965925826,1,1
28.5,43,199,0,0,0,1,0.965925826,0.258819045,1,0
14.9,73,168,1,0,0,0,0.707106781,0.707106781,1,1
14.6,73,72,0,0,1,0,-0.258819045,-0.965925826,1,1
12.3,30,148,1,0,0,0,0.258819045,-0.965925826,0,1
32.9,72,219,0,0,0,1,1.22E-16,-1,2,0
18.9,70,72,0,0,0,1,-0.866025404,-0.5,1,1
24.1,96,215,0,1,0,0,-0.866025404,-0.5,3,1
34.2,20,144,0,0,1,0,0,1,3,0
17.5,27,353,0,0,0,1,-0.707106781,0.707106781,1,1
22.9,61,176,0,1,0,0,-1,-1.84E-16,1,1
12.4,81,16,0,0,0,1,0.965925826,-0.258819045,2,1
30.9,52,48,1,0,0,0,-0.965925826,-0.258819045,3,0
33.6,77,317,1,0,0,0,0.866025404,0.5,3,0
30.4,84,372,1,0,0,0,0.866025404,-0.5,3,0
18.1,30,328,0,1,0,0,-0.965925826,0.258819045,1,1
14.8,81,14,1,0,0,0,-0.866025404,-0.5,3,1
33.8,65,329,0,1,0,0,-0.965925826,0.258819045,2,0
28.8,90,305,0,0,1,0,-1,-1.84E-16,3,0
19.6,89,222,0,0,1,0,1.22E-16,-1,3,1
22.5,83,70,1,0,0,0,-0.707106781,-0.707106781,3,1
34.4,91,389,1,0,0,0,-0.866025404,-0.5,3,0
22,31,399,1,0,0,0,0.258819045,0.965925826,1,1
25.9,74,337,1,0,0,0,0.866025404,-0.5,1,0
14,30,76,0,0,1,0,-0.707106781,-0.707106781,0,1
13.4,58,332,1,0,0,0,-0.5,0.866025404,1,1
23.4,97,146,0,0,1,0,0.866025404,-0.5,3,1
19.9,43,195,0,1,0,0,0.707106781,-0.707106781,1,1
34.7,54,369,0,0,1,0,-0.5,-0.866025404,3,0
34.3,66,202,0,0,0,1,1,6.12E-17,2,0
34,73,52,0,0,1,0,0.258819045,0.965925826,3,0
13.3,23,211,1,0,0,0,0.258819045,-0.965925826,0,1
12.6,56,301,1,0,0,0,0,1,1,1
29.3,50,34,0,0,0,1,0.258819045,-0.965925826,2,0
34.3,71,308,0,1,0,0,0.866025404,0.5,3,0
16.7,69,291,0,1,0,0,0.258819045,0.965925826,1,1
35.6,91,172,0,0,1,0,-0.866025404,0.5,2,0
23.8,34,153,1,0,0,0,0.965925826,0.258819045,1,0
27.1,40,132,0,0,0,1,0,1,1,0
34.9,48,335,0,0,1,0,0.5,0.866025404,3,0
17.6,50,120,0,1,0,0,-0.707106781,-0.707106781,1,1
20.7,48,304,0,1,0,0,-0.5,-0.866025404,1,1
18.5,81,23,0,1,0,0,0.5,-0.866025404,3,1
12.1,40,56,0,1,0,0,0.707106781,0.707106781,1,1
25.7,76,163,0,0,0,1,0.5,0.866025404,2,0
24.5,45,59,0,1,0,0,0.258819045,-0.965925826,1,1
20.2,43,328,0,0,0,1,0.707106781,0.707106781,1,1
21.5,30,16,0,1,0,0,-1,-1.84E-16,1,1
26,43,201,0,1,0,0,1,6.12E-17,1,0
15.9,20,341,1,0,0,0,-0.707106781,0.707106781,1,1
27.2,72,203,0,1,0,0,0.866025404,0.5,1,0
18.2,20,134,0,1,0,0,-0.965925826,-0.258819045,1,1
20.6,46,310,1,0,0,0,-0.707106781,0.707106781,1,1
11.7,89,202,1,0,0,0,0.707106781,-0.707106781,3,1
15.8,63,127,1,0,0,0,0.5,-0.866025404,1,1
16.8,88,241,0,1,0,0,-0.707106781,-0.707106781,3,1
15.8,73,22,0,0,1,0,0.707106781,-0.707106781,1,1
11.9,92,78,0,1,0,0,1.22E-16,-1,3,1
22.8,46,85,1,0,0,0,-0.866025404,0.5,1,1
23.6,89,188,1,0,0,0,-0.5,0.866025404,2,1
20.8,49,352,1,0,0,0,-0.5,-0.866025404,1,1
10.8,40,100,0,1,0,0,1,6.12E-17,1,1
34.8,73,38,0,0,1,0,0.866025404,0.5,3,0
25.2,58,108,0,0,1,0,-0.866025404,-0.5,2,0
25.7,81,397,0,0,1,0,-1,-1.84E-16,3,0
15.1,38,221,0,1,0,0,-0.965925826,0.258819045,1,1
12.8,25,21,1,0,0,0,-1,-1.84E-16,0,1
29.5,44,225,0,0,0,1,0.965925826,-0.258819045,1,0
19.1,98,115,1,0,0,0,0.707106781,0.707106781,3,0
24.2,66,123,1,0,0,0,0.965925826,-0.258819045,1,0
23.9,99,234,0,0,1,0,1.22E-16,-1,3,1
22.2,23,363,0,1,0,0,-1,-1.84E-16,1,1
27.7,77,57,0,0,1,0,-0.866025404,-0.5,2,0
22.8,36,60,0,1,0,0,0.5,-0.866025404,1,1
14.6,74,327,1,0,0,0,0.258819045,-0.965925826,1,1
31.8,63,280,0,0,1,0,-0.707106781,-0.707106781,3,0
11.7,88,45,1,0,0,0,-0.707106781,-0.707106781,3,1
29,49,149,0,0,1,0,-0.965925826,0.258819045,1,0
22,47,344,1,0,0,0,0.258819045,0.965925826,1,1
15,86,203,0,0,1,0,-0.5,0.866025404,2,1
23.5,27,313,0,0,1,0,1,6.12E-17,1,1
23.9,46,282,0,0,0,1,0,1,1,1
23.6,82,293,0,1,0,0,1,6.12E-17,3,1
21.1,76,135,0,0,1,0,-0.707106781,-0.707106781,2,1
15.7,98,311,0,0,0,1,1.22E-16,-1,2,1
12.4,44,340,0,1,0,0,-0.965925826,0.258819045,1,1
27.2,72,39,0,0,0,1,-0.707106781,0.707106781,1,0
16,52,193,0,0,1,0,-0.5,0.866025404,1,1
27.6,92,24,0,1,0,0,0,1,3,0
24.2,39,337,0,0,0,1,0.866025404,-0.5,1,1
13.5,77,106,0,1,0,0,1.22E-16,-1,1,1
28.2,50,370,0,0,0,1,0.258819045,-0.965925826,2,0
31.6,46,139,0,0,1,0,-0.707106781,0.707106781,2,0
22.3,96,110,1,0,0,0,1,6.12E-17,3,0
15.5,83,372,0,0,1,0,0.866025404,0.5,3,1
29.4,79,54,0,0,0,1,-0.707106781,-0.707106781,1,0
12.9,67,194,0,1,0,0,-0.707106781,-0.707106781,1,1
21.1,91,303,0,1,0,0,1,6.12E-17,3,1
14.8,24,311,0,0,1,0,0.258819045,-0.965925826,0,1
13.2,37,34,0,0,1,0,0.258819045,0.965925826,0,1
34.6,68,249,0,0,1,0,-0.5,0.866025404,2,0
31.7,53,188,0,0,1,0,-0.5,0.866025404,2,0
31.2,90,242,1,0,0,0,-0.258819045,-0.965925826,3,0
30.1,82,380,0,1,0,0,0.866025404,-0.5,3,0
18.8,34,276,0,0,0,1,0.965925826,-0.258819045,1,1
13.1,20,102,0,0,0,1,0.5,0.866025404,0,1
26.5,69,139,0,1,0,0,0.707106781,-0.707106781,1,0
25.8,43,47,1,0,0,0,0.707106781,-0.707106781,1,0
12.7,86,298,0,1,0,0,0.707106781,0.707106781,3,1
24.7,95,249,0,0,1,0,-0.5,-0.866025404,3,1
18.6,60,99,1,0,0,0,-0.707106781,0.707106781,1,1
28.8,29,378,0,1,0,0,0.965925826,0.258819045,1,0
34.1,68,340,0,0,1,0,0.866025404,-0.5,3,0
20.8,23,184,1,0,0,0,1,6.12E-17,1,0
33.5,20,80,1,0,0,0,0.866025404,0.5,3,0
14.8,57,78,0,1,0,0,1.22E-16,-1,1,1
24.1,39,383,0,0,0,1,1,6.12E-17,1,1
26,20,56,1,0,0,0,-0.707106781,-0.707106781,1,0
27.5,46,114,0,1,0,0,-0.866025404,-0.5,1,0
19.5,28,383,0,1,0,0,0.5,0.866025404,1,1
30.3,50,71,0,1,0,0,0.5,0.866025404,3,0
27.1,91,174,0,0,0,1,-0.258819045,-0.965925826,2,0
13.3,57,207,0,0,0,1,1.22E-16,-1,1,1
33.5,22,74,1,0,0,0,0.965925826,0.258819045,3,0
31.3,83,156,0,1,0,0,0.866025404,0.5,3,0
26,49,123,0,1,0,0,-0.258819045,0.965925826,1,0
18.5,90,226,0,1,0,0,-0.5,-0.866025404,3,1
25.3,90,13,0,0,1,0,-0.258819045,-0.965925826,3,0
13.2,39,325,0,0,0,1,-0.5,-0.866025404,0,1
16.5,71,98,0,0,1,0,-0.707106781,0.707106781,1,1
24.1,68,9,0,0,0,1,0.965925826,0.258819045,1,1
30.5,79,244,0,0,1,0,-0.707106781,-0.707106781,3,0
13.7,68,12,0,0,1,0,-0.965925826,-0.258819045,1,1
23.2,86,382,0,0,1,0,-0.5,-0.866025404,3,1
34.7,49,352,0,0,1,0,0.5,-0.866025404,3,0
30,22,149,0,0,1,0,-0.866025404,-0.5,1,0
32.2,30,236,0,0,1,0,-0.707106781,0.707106781,2,0
22.5,23,216,0,0,1,0,0.965925826,0.258819045,1,1
24.8,25,15,0,0,0,1,-0.258819045,-0.965925826,1,1
29.4,60,151,0,1,0,0,-0.965925826,0.258819045,1,0
28.2,82,250,0,1,0,0,-0.707106781,0.707106781,2,0
12.1,25,43,0,1,0,0,-0.707106781,-0.707106781,0,1
28.1,78,170,1,0,0,0,0.965925826,0.258819045,1,0
30.5,39,359,0,0,1,0,-0.965925826,0.258819045,2,0
15.2,71,205,0,1,0,0,-0.965925826,-0.258819045,1,1
11.3,26,400,1,0,0,0,0.258819045,-0.965925826,0,1
32.6,70,275,0,0,1,0,0.258819045,-0.965925826,3,0
22.1,64,256,0,0,1,0,-0.5,-0.866025404,2,1
19.8,40,68,1,0,0,0,0.965925826,-0.258819045,1,0
17.7,51,200,1,0,0,0,0,1,1,1
11.4,64,348,0,0,0,1,-0.965925826,0.258819045,1,1
34.6,67,101,0,0,0,1,0.965925826,0.258819045,2,0
18.8,87,164,0,0,1,0,-0.5,-0.866025404,3,1
16.5,87,2,1,0,0,0,-0.965925826,-0.258819045,3,1
32.1,25,365,0,0,0,1,-0.965925826,-0.258819045,2,0
31.8,62,242,0,0,1,0,1.22E-16,-1,3,0
35.5,99,277,1,0,0,0,0.707106781,0.707106781,3,0
33.8,53,337,0,1,0,0,0.707106781,0.707106781,3,0
27.9,80,260,0,0,0,1,0.866025404,-0.5,1,0
12.2,47,194,0,1,0,0,-0.707106781,0.707106781,1,1
28.1,68,290,0,0,1,0,0.5,0.866025404,2,0
12.5,86,112,1,0,0,0,-0.866025404,0.5,2,1
33,38,256,1,0,0,0,0,1,3,0
34.2,60,208,1,0,0,0,-0.707106781,0.707106781,2,0
10.1,48,232,0,0,1,0,0.707106781,-0.707106781,1,1
17.3,86,158,0,0,0,1,-0.965925826,0.258819045,2,1
31.6,24,5,0,1,0,0,0.707106781,0.707106781,3,0
13.4,45,362,1,0,0,0,-0.965925826,-0.258819045,1,1
16.9,42,191,0,1,0,0,0.707106781,-0.707106781,1,1
20.7,87,18,0,0,1,0,-0.5,0.866025404,2,1
11.7,32,396,0,0,1,0,-0.866025404,-0.5,0,1
21.4,59,351,0,0,1,0,-0.707106781,-0.707106781,2,1
13.1,36,213,0,0,0,1,-0.866025404,0.5,0,1
15.2,40,301,0,1,0,0,0.258819045,-0.965925826,1,1
13.9,76,90,0,0,0,1,0.707106781,0.707106781,1,1
20.3,65,322,0,0,1,0,-0.866025404,-0.5,2,1
35.3,62,45,1,0,0,0,0.866025404,0.5,3,0
18,25,35,0,0,0,1,0.965925826,0.258819045,1,1
20.9,31,202,0,1,0,0,-0.965925826,-0.258819045,1,1
13.6,74,15,0,1,0,0,-0.866025404,0.5,1,1
34.2,63,239,0,0,0,1,-1,-1.84E-16,2,0
35.3,95,174,0,0,1,0,0.965925826,-0.258819045,3,0
27,81,222,0,0,0,1,0.258819045,-0.965925826,2,0
32.1,49,43,0,0,1,0,1.22E-16,-1,3,0
21.6,97,199,0,1,0,0,1,6.12E-17,3,1
26.4,50,109,0,0,0,1,-0.258819045,0.965925826,1,0
15.4,80,158,0,0,0,1,-0.5,-0.866025404,1,1
11.1,29,6,0,0,1,0,-0.866025404,0.5,0,1
16.2,59,102,1,0,0,0,0.866025404,-0.5,1,0
18.8,64,302,1,0,0,0,-0.258819045,0.965925826,1,1
15,96,283,0,1,0,0,1.22E-16,-1,3,1
14.4,72,126,1,0,0,0,-0.866025404,0.5,1,1
20.1,37,107,0,0,0,1,0.258819045,0.965925826,1,1
16.2,64,86,0,0,0,1,0.707106781,-0.707106781,1,1
10.8,22,185,0,0,1,0,-0.965925826,-0.258819045,0,1
27.3,79,61,0,1,0,0,-0.866025404,0.5,1,0
12.5,59,206,1,0,0,0,-0.5,0.866025404,1,1
34.5,36,232,0,1,0,0,-0.258819045,0.965925826,2,0
17.2,50,123,0,0,0,1,-0.965925826,0.258819045,1,1
16.2,99,81,0,0,0,1,-0.707106781,0.707106781,2,1
22.5,58,308,0,0,0,1,0.707106781,0.707106781,1,1
26.3,54,276,0,0,1,0,0.866025404,-0.5,2,0
31.9,68,55,0,1,0,0,1,6.12E-17,3,0
28.4,55,183,0,1,0,0,0.707106781,-0.707106781,1,0
22.8,61,244,0,0,1,0,-0.965925826,0.258819045,2,1
17.8,71,355,1,0,0,0,-0.965925826,-0.258819045,1,1
12.6,38,269,0,1,0,0,0.5,-0.866025404,0,1
25,71,145,0,0,1,0,-0.258819045,-0.965925826,2,1
23.3,68,393,0,0,0,1,0.258819045,0.965925826,2,1
15.7,88,360,1,0,0,0,-0.258819045,-0.965925826,3,1
16.4,32,71,0,0,0,1,-0.5,-0.866025404,1,1
26.3,75,121,0,0,0,1,-1,-1.84E-16,1,0
14.8,61,57,0,0,1,0,0.258819045,-0.965925826,1,1
33.9,84,323,1,0,0,0,0.5,0.866025404,3,0
23.5,37,384,0,0,0,1,0.965925826,-0.258819045,1,1
19,64,385,0,0,1,0,-1,-1.84E-16,1,1
22.6,26,307,1,0,0,0,-0.5,-0.866025404,1,1
13.4,50,357,0,0,0,1,0.258819045,0.965925826,1,1
24,95,21,0,0,1,0,-0.5,-0.866025404,3,1
19.8,30,355,0,0,1,0,0.965925826,0.258819045,1,1
19.3,43,368,0,0,0,1,-0.965925826,-0.258819045,1,1
26.3,81,52,0,0,1,0,0.5,0.866025404,3,0
12.6,82,331,0,0,0,1,-0.965925826,-0.258819045,2,1
21.6,35,347,0,1,0,0,0.258819045,-0.965925826,1,1
10.3,73,195,0,0,1,0,0.707106781,0.707106781,1,1
29.7,95,396,0,1,0,0,0.5,-0.866025404,3,0
24.7,74,47,0,0,1,0,-0.965925826,-0.258819045,2,1
14.9,24,212,0,1,0,0,0.5,0.866025404,0,1
28.3,65,80,0,0,0,1,0.707106781,-0.707106781,1,0
33.7,82,8,1,0,0,0,0.866025404,-0.5,3,0
35,42,149,1,0,0,0,0.707106781,-0.707106781,3,0
19.5,79,106,0,0,1,0,-0.258819045,0.965925826,1,1
27.6,71,125,0,1,0,0,0,1,1,0
24,21,61,0,0,0,1,0.258819045,0.965925826,1,1
16.9,96,243,0,0,1,0,0.707106781,-0.707106781,3,1
18.8,26,242,0,0,1,0,0.866025404,-0.5,1,1
31.3,24,87,0,1,0,0,-0.707106781,-0.707106781,3,0
21.6,46,300,0,0,0,1,0.866025404,-0.5,1,1
12.2,68,383,0,0,0,1,-0.707106781,-0.707106781,1,1
34.2,46,237,1,0,0,0,0.5,-0.866025404,3,0
27.5,91,70,0,0,0,1,-0.258819045,-0.965925826,2,0
18,24,107,0,0,0,1,-0.5,0.866025404,1,1
27.7,36,50,0,0,1,0,-0.707106781,-0.707106781,1,0
33,71,362,0,0,1,0,-0.965925826,0.258819045,2,0
20.5,89,276,0,0,0,1,0.965925826,0.258819045,2,1
34.8,64,372,0,0,1,0,1.22E-16,-1,3,0
10.7,70,185,0,1,0,0,0.258819045,0.965925826,1,1
18.6,24,361,0,0,0,1,0.866025404,0.5,1,1
22.1,87,339,0,0,0,1,0.866025404,-0.5,2,1
20.3,68,307,0,0,0,1,-0.707106781,0.707106781,1,1
28.6,35,221,1,0,0,0,0.707106781,-0.707106781,1,0
22.3,84,29,0,0,0,1,1.22E-16,-1,2,1
26.2,50,337,0,0,1,0,-0.5,-0.866025404,2,0
32.8,89,119,1,0,0,0,1,6.12E-17,3,0
16.5,40,221,0,1,0,0,-0.5,-0.866025404,1,1
19.1,80,26,0,0,1,0,-0.5,-0.866025404,1,1
25.8,25,256,0,0,1,0,0.258819045,0.965925826,1,0
11.3,75,390,0,0,1,0,0.866025404,-0.5,1,1
20.2,74,180,0,1,0,0,-0.965925826,0.258819045,1,1
18.1,65,224,0,0,1,0,-0.5,-0.866025404,1,1
26.1,64,15,0,1,0,0,0.707106781,-0.707106781,1,0
12.7,26,104,0,0,1,0,-0.707106781,0.707106781,0,1
35.5,81,370,0,1,0,0,0.258819045,-0.965925826,3,0
13,52,171,1,0,0,0,-0.5,-0.866025404,1,1
24.4,37,90,0,1,0,0,-0.866025404,-0.5,1,1
16.1,37,228,0,0,0,1,-1,-1.84E-16,1,1
12.6,71,314,0,0,0,1,-1,-1.84E-16,1,1
32.3,53,224,0,0,1,0,0.258819045,-0.965925826,3,0
30.3,88,335,0,0,1,0,-0.866025404,-0.5,3,0
12,77,43,0,0,1,0,-0.707106781,-0.707106781,1,1
31.8,38,362,0,0,0,1,-0.965925826,0.258819045,2,0
24.6,46,385,0,1,0,0,0.258819045,0.965925826,1,1
34.6,58,334,0,0,1,0,-0.5,0.866025404,2,0
13.7,87,51,1,0,0,0,0.258819045,-0.965925826,3,1
32.5,45,123,0,0,0,1,-0.258819045,0.965925826,2,0
36,68,168,0,0,1,0,-0.866025404,0.5,2,0
14.5,65,46,1,0,0,0,-0.258819045,0.965925826,1,1
13.5,22,362,1,0,0,0,-0.866025404,0.5,0,1
16,75,368,1,0,0,0,-0.965925826,0.258819045,1,1
28.6,34,396,0,0,1,0,0.707106781,-0.707106781,1,0
15.7,94,120,1,0,0,0,-0.707106781,0.707106781,2,1
16.1,91,84,0,0,0,1,0,1,2,1
13.3,57,52,0,0,0,1,-0.866025404,0.5,1,1
10.7,46,291,1,0,0,0,-0.965925826,-0.258819045,1,1
18.1,72,49,0,1,0,0,0.866025404,-0.5,1,1
22.5,26,142,0,0,0,1,-0.707106781,-0.707106781,1,1
33.2,42,154,0,0,0,1,-1,-1.84E-16,2,0
29.1,89,392,0,0,1,0,-0.866025404,0.5,2,0
30.3,77,182,0,0,0,1,-0.866025404,-0.5,2,0
17.1,42,271,0,1,0,0,0.866025404,-0.5,1,1
20.3,99,385,0,1,0,0,0.866025404,-0.5,3,1
18,66,151,0,0,1,0,0.707106781,-0.707106781,1,1
11,80,138,0,0,0,1,0.707106781,0.707106781,1,1
18.7,64,331,0,0,0,1,-0.866025404,0.5,1,1
32.3,97,212,1,0,0,0,-0.5,0.866025404,2,0
33.5,52,392,0,0,1,0,0.258819045,0.965925826,3,0
13.7,83,95,0,0,1,0,0.965925826,0.258819045,3,1
28.1,48,306,0,1,0,0,1,6.12E-17,1,0
25.6,31,386,0,0,0,1,-0.866025404,-0.5,1,0
24.7,69,230,0,0,1,0,0.866025404,0.5,2,1
31.4,60,170,0,0,0,1,-0.707106781,-0.707106781,2,0
21.4,28,169,0,0,0,1,-0.5,0.866025404,1,1
29.7,87,271,0,1,0,0,-0.707106781,0.707106781,2,0
24.4,90,92,1,0,0,0,-0.5,0.866025404,2,1
28.6,73,313,0,1,0,0,0.965925826,0.258819045,1,0
14.6,83,138,1,0,0,0,0.258819045,0.965925826,3,1
22,29,397,0,0,0,1,0.5,-0.866025404,1,1
29.3,37,89,0,1,0,0,0.965925826,-0.258819045,1,0
15.6,94,148,0,0,0,1,-1,-1.84E-16,2,1
28.3,98,185,1,0,0,0,0.5,-0.866025404,3,0
18.8,43,137,0,1,0,0,0.707106781,-0.707106781,1,1
16.1,93,112,0,1,0,0,0,1,3,1
29.6,59,123,0,0,0,1,-0.5,-0.866025404,1,0
13.8,49,347,0,1,0,0,-0.965925826,-0.258819045,1,1
11.6,42,315,0,0,1,0,0.866025404,-0.5,1,1
21.9,64,18,0,1,0,0,0.965925826,-0.258819045,1,1
34.6,28,379,0,0,1,0,-0.866025404,-0.5,3,0
18.3,59,6,0,1,0,0,0.965925826,0.258819045,1,1
24.4,39,234,0,0,0,1,0.965925826,0.258819045,1,1
13.2,49,288,0,0,0,1,-0.707106781,-0.707106781,1,1
11.5,44,382,0,1,0,0,-0.707106781,-0.707106781,1,1
25.6,52,343,0,1,0,0,-0.707106781,-0.707106781,1,0
14.6,72,301,0,0,0,1,0.258819045,-0.965925826,1,1
25.7,99,274,0,1,0,0,-0.5,-0.866025404,3,0
35,24,237,0,0,1,0,0.5,0.866025404,3,0
15.2,91,34,1,0,0,0,-0.866025404,0.5,2,1
24.6,79,146,0,0,1,0,0.965925826,-0.258819045,2,1
32.3,71,57,1,0,0,0,0.5,-0.866025404,3,0
28.1,87,148,0,0,0,1,-0.258819045,-0.965925826,2,0
29.5,53,26,0,0,0,1,0.965925826,0.258819045,1,0
33.8,75,197,0,0,1,0,0.707106781,-0.707106781,3,0
26.8,98,6,0,1,0,0,-1,-1.84E-16,3,0
20.1,28,376,1,0,0,0,-0.5,0.866025404,1,1
19.1,78,41,0,1,0,0,-0.5,0.866025404,1,1
22.7,38,48,0,1,0,0,-0.965925826,0.258819045,1,1
22.5,69,34,0,0,1,0,-0.866025404,0.5,2,1
31,33,234,0,0,1,0,0.965925826,-0.258819045,3,0
13.7,86,388,0,0,0,1,1.22E-16,-1,2,1
13.8,83,88,0,0,1,0,-0.258819045,0.965925826,2,1
18.6,24,89,0,0,0,1,0.866025404,0.5,1,1
24.4,83,229,1,0,0,0,0.965925826,0.258819045,3,0
24.7,59,225,1,0,0,0,0.258819045,-0.965925826,2,1
33.8,62,247,0,0,0,1,0.965925826,-0.258819045,2,0
15.1,79,3,0,0,0,1,0.866025404,0.5,1,1
26.9,36,304,1,0,0,0,-0.707106781,0.707106781,1,0
29.1,67,8,1,0,0,0,-0.258819045,0.965925826,1,0
31.8,69,28,0,0,0,1,-0.866025404,-0.5,2,0
20,25,205,1,0,0,0,0.707106781,0.707106781,1,0
21.6,73,48,0,0,1,0,0.707106781,0.707106781,2,1
26,62,33,0,0,0,1,-0.258819045,-0.965925826,1,0
21.1,65,248,0,0,0,1,0.707106781,-0.707106781,1,1
32,28,260,1,0,0,0,0,1,3,0
28.5,27,125,0,0,1,0,-0.707106781,0.707106781,1,0
15.8,80,389,0,1,0,0,0.258819045,-0.965925826,1,1
34.1,36,182,0,1,0,0,1.22E-16,-1,3,0
31.9,57,277,1,0,0,0,0.866025404,0.5,3,0
26.8,99,301,0,0,1,0,0.258819045,-0.965925826,3,0
32,64,297,0,1,0,0,0,1,3,0
18,89,318,0,0,0,1,0.707106781,0.707106781,2,1
32.3,27,304,0,1,0,0,-0.707106781,-0.707106781,3,0
30.8,33,7,0,1,0,0,0.5,-0.866025404,3,0
21.6,36,15,0,0,1,0,-0.5,-0.866025404,1,1
23.3,43,37,1,0,0,0,-0.258819045,-0.965925826,1,1
12.1,47,234,0,1,0,0,1,6.12E-17,1,1
17.5,44,353,0,1,0,0,0.965925826,0.258819045,1,1
22.5,81,177,0,0,0,1,-0.866025404,0.5,2,1
18,44,24,0,0,1,0,0.258819045,0.965925826,1,1
21,64,342,0,0,0,1,-0.5,0.866025404,1,1
11.7,94,185,1,0,0,0,0.965925826,-0.258819045,3,1
35,41,295,1,0,0,0,-0.258819045,-0.965925826,3,0
13.7,49,287,0,1,0,0,0.866025404,-0.5,1,1
14.2,28,22,1,0,0,0,-0.866025404,-0.5,0,1
33.9,42,160,1,0,0,0,0.707106781,0.707106781,3,0
32.9,91,96,0,0,1,0,1,6.12E-17,3,0
35.7,20,111,0,0,1,0,-0.258819045,0.965925826,2,0
24.2,40,197,0,0,0,1,0.258819045,0.965925826,1,1
20.1,95,331,0,0,0,1,-0.5,-0.866025404,2,1
11,53,49,1,0,0,0,-0.707106781,0.707106781,1,1
19.7,52,54,1,0,0,0,-0.707106781,0.707106781,1,1
21.1,84,383,0,1,0,0,0.866025404,-0.5,3,1
17.4,95,246,0,0,0,1,0.866025404,-0.5,2,1
20.3,91,29,0,0,0,1,0.707106781,-0.707106781,2,1
14.8,85,28,1,0,0,0,-0.965925826,-0.258819045,3,1
31.4,29,349,0,0,1,0,0.707106781,0.707106781,3,0
23.9,77,139,0,0,0,1,-0.965925826,0.258819045,1,1
31.3,57,163,0,1,0,0,-0.5,0.866025404,2,0
26.7,28,397,0,0,1,0,0.258819045,0.965925826,1,0
26.4,91,38,0,0,0,1,0.866025404,-0.5,2,0
10.4,32,361,0,0,0,1,-0.707106781,-0.707106781,0,1
23.7,20,241,1,0,0,0,0.866025404,-0.5,1,0
27.9,53,241,0,1,0,0,0.258819045,-0.965925826,2,0
19.6,58,117,0,1,0,0,1,6.12E-17,1,1
22.1,93,75,1,0,0,0,0.965925826,-0.258819045,3,0
34.6,28,371,0,1,0,0,0.5,0.866025404,3,0
22.6,43,363,0,1,0,0,1.22E-16,-1,1,1
26.2,58,307,0,0,1,0,-0.965925826,0.258819045,2,0
30.9,38,224,1,0,0,0,1.22E-16,-1,3,0
35.1,90,316,1,0,0,0,0.258819045,-0.965925826,3,0
22.6,47,297,0,0,1,0,1.22E-16,-1,1,1
31.4,52,172,0,0,1,0,-1,-1.84E-16,3,0
12.3,46,16,0,0,1,0,0.866025404,0.5,1,1
15.2,21,241,0,1,0,0,0.258819045,-0.965925826,1,1
17.1,83,212,0,0,0,1,-0.5,0.866025404,2,1
31.4,66,262,0,1,0,0,0.965925826,-0.258819045,3,0
30,72,108,0,1,0,0,0,1,1,0
13.1,86,189,0,0,0,1,-0.866025404,0.5,2,1
29.8,61,34,0,1,0,0,-0.5,-0.866025404,1,0
14.5,37,106,0,1,0,0,0,1,0,1
34.9,20,174,0,0,0,1,-0.258819045,0.965925826,2,0
26.5,45,26,0,1,0,0,0.866025404,0.5,1,0
33.6,59,349,1,0,0,0,0.866025404,-0.5,3,0
15.4,44,208,0,1,0,0,-0.5,0.866025404,1,1
22.8,65,321,1,0,0,0,-0.5,-0.866025404,1,1
10.8,83,151,0,0,0,1,0.965925826,-0.258819045,2,1
15.6,55,268,0,1,0,0,0.258819045,0.965925826,1,1
10.9,35,22,0,1,0,0,0.965925826,-0.258819045,0,1
26.1,43,164,0,0,0,1,0.5,0.866025404,1,0
20.1,97,241,0,1,0,0,-0.965925826,0.258819045,2,1
23.4,90,145,0,0,0,1,0.866025404,-0.5,2,1
34.8,78,187,1,0,0,0,-0.258819045,0.965925826,2,0
29.7,31,139,0,0,1,0,-0.5,-0.866025404,1,0
27.5,21,207,0,1,0,0,-0.5,-0.866025404,1,0
12.3,75,224,1,0,0,0,-0.707106781,0.707106781,1,1
23.4,44,219,1,0,0,0,-1,-1.84E-16,1,1
21.7,85,84,0,1,0,0,-0.866025404,0.5,2,1
20,24,325,0,0,1,0,0.707106781,-0.707106781,1,1
10.6,37,288,0,0,1,0,1,6.12E-17,0,1
35.1,83,63,0,0,1,0,0.258819045,0.965925826,3,0
26.1,48,340,0,1,0,0,-0.866025404,-0.5,1,0
25.5,54,75,0,0,1,0,0.258819045,0.965925826,2,0
15.1,79,355,0,0,1,0,0.965925826,0.258819045,1,1
23.2,76,146,0,0,0,1,-0.258819045,0.965925826,1,1
21.4,21,236,0,1,0,0,0.5,-0.866025404,1,1
12.6,79,240,0,1,0,0,0.866025404,-0.5,1,1
26.8,50,212,0,0,1,0,0.707106781,0.707106781,2,0
35.9,52,127,0,0,0,1,0.5,0.866025404,2,0
32.1,40,270,0,0,1,0,0.965925826,0.258819045,3,0
22.8,20,197,0,0,1,0,-0.5,-0.866025404,1,1
34.2,97,356,0,0,1,0,0.866025404,-0.5,3,0
18.9,86,348,0,1,0,0,-0.965925826,-0.258819045,3,1
11.2,34,198,0,0,0,1,0.965925826,-0.258819045,0,1
29.1,26,314,0,0,0,1,0.5,0.866025404,1,0
11.1,28,159,0,1,0,0,0.965925826,-0.258819045,0,1
21.6,96,348,0,1,0,0,1,6.12E-17,3,1
28.8,50,119,0,1,0,0,-0.866025404,-0.5,1,0
34.9,75,286,0,0,0,1,0.707106781,-0.707106781,2,0
32.8,27,270,0,1,0,0,1,6.12E-17,3,0
26.2,70,88,1,0,0,0,0.965925826,0.258819045,1,0
10.4,59,125,0,1,0,0,1.22E-16,-1,1,1
12,27,322,0,0,0,1,-0.5,-0.866025404,0,1
35,72,351,0,0,0,1,0.258819045,-0.965925826,2,0
27.2,39,362,0,0,1,0,-0.866025404,-0.5,1,0
25.9,62,61,0,0,0,1,0.965925826,-0.258819045,1,0
29.2,76,31,0,0,1,0,-0.707106781,-0.707106781,2,0
29.5,36,23,1,0,0,0,0.965925826,0.258819045,1,0
31.4,65,132,0,0,0,1,0.258819045,0.965925826,2,0
15.2,49,311,0,0,1,0,-0.866025404,0.5,1,1
15.1,28,6,0,1,0,0,-0.5,-0.866025404,1,1
19.7,73,326,0,1,0,0,0.866025404,0.5,1,1
10.6,29,273,1,0,0,0,-0.258819045,0.965925826,0,1
29.1,63,320,0,0,1,0,0.965925826,-0.258819045,2,0
25.7,39,131,0,0,0,1,-0.965925826,-0.258819045,1,0
21,97,296,1,0,0,0,-0.258819045,0.965925826,2,1
23.8,49,81,0,1,0,0,-0.707106781,0.707106781,1,1
24.1,36,41,0,0,1,0,0.5,-0.866025404,1,1
30.3,26,298,0,0,1,0,-0.5,0.866025404,2,0
17.9,80,254,0,0,1,0,-0.866025404,0.5,1,1
21.4,55,79,0,0,1,0,1,6.12E-17,2,1
13.5,72,87,0,1,0,0,1.22E-16,-1,1,1
23.8,93,327,0,1,0,0,0.965925826,-0.258819045,3,1
10.4,30,180,1,0,0,0,-0.5,0.866025404,0,1
20,90,218,1,0,0,0,1.22E-16,-1,3,1
13.4,25,231,1,0,0,0,0.5,-0.866025404,0,1
33.1,56,369,1,0,0,0,-0.5,-0.866025404,3,0
20.4,69,92,0,0,1,0,-0.866025404,-0.5,2,1
30.6,36,35,0,0,0,1,0.258819045,0.965925826,2,0
16.3,84,101,0,0,0,1,1,6.12E-17,2,1
33.3,94,31,1,0,0,0,-0.707106781,-0.707106781,3,0
35.4,32,354,0,0,0,1,0,1,2,0
18.8,55,122,0,0,0,1,-0.258819045,-0.965925826,1,1
32.6,72,186,0,0,0,1,-0.965925826,0.258819045,2,0
10.8,29,38,1,0,0,0,1,6.12E-17,0,1
19.3,35,253,0,0,0,1,-0.258819045,-0.965925826,1,1
35.3,74,348,0,0,1,0,-0.965925826,-0.258819045,3,0
29.1,98,108,0,0,0,1,0.965925826,-0.258819045,2,0
26.7,78,316,0,1,0,0,-0.707106781,0.707106781,1,0
30.3,66,316,0,1,0,0,0.866025404,-0.5,3,0
11.2,54,306,0,1,0,0,0.707106781,0.707106781,1,1
21.8,89,30,0,1,0,0,0.258819045,-0.965925826,3,1
20.2,54,101,0,0,0,1,-0.707106781,0.707106781,1,1
10.8,60,224,1,0,0,0,-0.866025404,0.5,1,1
21.7,75,87,0,0,1,0,0.5,-0.866025404,2,1
26.7,45,147,0,0,1,0,-0.258819045,0.965925826,1,0
28,62,218,0,0,1,0,-0.866025404,0.5,2,0
22,36,219,0,0,0,1,0.965925826,-0.258819045,1,1
10.7,73,338,0,0,1,0,1,6.12E-17,1,1
20.6,34,113,0,1,0,0,0.866025404,0.5,1,1
34.6,58,165,0,0,1,0,-0.707106781,-0.707106781,3,0
19.7,50,266,0,1,0,0,0.258819045,0.965925826,1,1
13.7,44,241,0,1,0,0,1.22E-16,-1,1,1
30.3,83,99,1,0,0,0,-1,-1.84E-16,3,0
33,95,43,0,0,1,0,-0.258819045,-0.965925826,3,0
16.3,33,82,0,0,1,0,0.5,-0.866025404,1,1
10.6,97,210,1,0,0,0,-0.707106781,-0.707106781,3,1
14.2,31,390,0,1,0,0,-0.258819045,-0.965925826,0,1
15.9,71,191,0,0,1,0,0.707106781,0.707106781,1,1
28,62,288,1,0,0,0,0.5,0.866025404,2,0
17.8,72,63,0,0,1,0,0.866025404,-0.5,1,1
27.2,96,87,0,1,0,0,-0.258819045,-0.965925826,3,0
31.8,70,216,0,0,1,0,0.965925826,0.258819045,3,0
11,86,155,0,0,0,1,-0.866025404,-0.5,2,1
28.9,31,371,0,0,1,0,0.965925826,-0.258819045,1,0
26,46,77,0,1,0,0,0.707106781,0.707106781,1,0
23.4,59,352,0,0,1,0,-0.707106781,0.707106781,2,1
16.1,76,101,0,1,0,0,0.258819045,-0.965925826,1,1
17.2,74,99,0,1,0,0,1.22E-16,-1,1,1
34.9,47,49,0,0,1,0,-0.5,-0.866025404,3,0
26.6,25,237,0,0,1,0,0.258819045,-0.965925826,1,0
24.3,75,396,1,0,0,0,-0.5,-0.866025404,1,1
25.4,90,29,0,0,1,0,-0.866025404,0.5,2,0
25.7,43,230,0,0,0,1,-0.258819045,0.965925826,1,0
14.7,42,282,1,0,0,0,-0.5,-0.866025404,1,1
20.5,78,14,0,0,0,1,-0.258819045,0.965925826,1,1
31.5,68,172,0,0,1,0,-0.707106781,0.707106781,2,0
10.1,85,144,0,0,0,1,0.258819045,-0.965925826,2,1
19.9,23,333,0,1,0,0,0.258819045,-0.965925826,1,1
13.4,60,193,1,0,0,0,-0.5,0.866025404,1,1
30.6,25,33,0,1,0,0,-0.707106781,-0.707106781,3,0
28.4,75,112,0,0,0,1,-0.866025404,0.5,1,0
22.2,89,122,1,0,0,0,-0.965925826,0.258819045,2,1
21.2,46,385,0,0,0,1,1.22E-16,-1,1,1
28.5,86,141,0,0,1,0,0.258819045,0.965925826,3,0
17,29,59,0,0,0,1,-0.5,-0.866025404,1,1
15.6,82,83,0,0,0,1,0.5,0.866025404,2,1
12.9,22,54,0,1,0,0,0.5,0.866025404,0,1
23.5,52,241,0,0,1,0,-0.258819045,-0.965925826,2,1
17.4,53,399,0,0,0,1,0.707106781,-0.707106781,1,1
15.7,99,247,0,0,0,1,1,6.12E-17,2,1
14,70,99,0,0,1,0,-0.707106781,0.707106781,1,1
35,75,391,0,0,0,1,1.22E-16,-1,2,0
16.6,68,246,0,0,0,1,0.707106781,-0.707106781,1,1
34.3,87,23,0,0,1,0,0.866025404,0.5,3,0
16.6,41,385,1,0,0,0,0.965925826,-0.258819045,1,0
22.3,59,120,1,0,0,0,-0.965925826,-0.258819045,1,1
15.5,55,108,0,1,0,0,-0.965925826,0.258819045,1,1
32.1,28,56,1,0,0,0,0.866025404,0.5,3,0
10.9,40,84,0,0,1,0,0.5,-0.866025404,1,1
24,95,84,0,1,0,0,-0.965925826,0.258819045,2,1
31,53,166,1,0,0,0,1.22E-16,-1,3,0
17.5,77,187,0,0,0,1,0.965925826,0.258819045,1,1
31.4,81,206,1,0,0,0,-0.258819045,-0.965925826,3,0
18.1,49,380,0,0,0,1,-0.866025404,0.5,1,1
14.5,31,91,0,0,1,0,0.965925826,0.258819045,0,1
31,33,397,0,0,1,0,1,6.12E-17,3,0
18.5,66,26,0,1,0,0,-0.965925826,-0.258819045,1,1
32.3,74,355,0,1,0,0,0.5,-0.866025404,3,0
34,62,148,0,0,0,1,0.965925826,0.258819045,2,0
18.2,44,226,1,0,0,0,-1,-1.84E-16,1,1
17.1,94,350,0,1,0,0,-0.965925826,-0.258819045,3,1
29,41,307,1,0,0,0,0.965925826,0.258819045,1,0
19.1,56,7,0,0,1,0,-0.5,0.866025404,1,1
31.3,46,360,0,0,0,1,-1,-1.84E-16,2,0
22.7,95,119,0,0,1,0,-0.866025404,0.5,2,1
10.7,89,25,0,1,0,0,0.258819045,0.965925826,3,1
14.5,74,136,0,0,0,1,-0.866025404,-0.5,1,1
32.8,78,182,1,0,0,0,0.5,0.866025404,3,0
22.6,44,227,0,1,0,0,1,6.12E-17,1,1
23.4,57,394,0,0,1,0,-0.5,0.866025404,2,1
26,62,63,0,1,0,0,-0.258819045,0.965925826,1,0
25.1,63,135,0,0,0,1,0.965925826,0.258819045,1,0
22.8,93,261,1,0,0,0,-1,-1.84E-16,3,1
32.5,21,219,0,1,0,0,0.707106781,0.707106781,3,0
15.5,81,188,1,0,0,0,-1,-1.84E-16,3,1
12,88,386,0,0,0,1,-0.866025404,-0.5,2,1
24.4,30,374,0,0,0,1,0.5,-0.866025404,1,1
16,85,133,0,0,0,1,0.707106781,0.707106781,2,1
16.5,23,43,0,1,0,0,-0.707106781,-0.707106781,1,1
26.2,37,386,1,0,0,0,-0.258819045,0.965925826,1,0
16.7,91,120,0,0,1,0,0.965925826,-0.258819045,3,1
35.7,95,351,1,0,0,0,0.258819045,-0.965925826,3,0
17.7,91,74,0,0,1,0,0.866025404,-0.5,3,1
19.2,24,206,1,0,0,0,-0.258819045,0.965925826,1,1
29.3,35,181,0,1,0,0,-0.258819045,-0.965925826,1,0
28,20,146,1,0,0,0,0.258819045,-0.965925826,1,0
18.2,87,47,0,0,1,0,0.5,-0.866025404,3,1
25.9,73,63,0,0,1,0,1,6.12E-17,2,0
14.8,88,85,1,0,0,0,1,6.12E-17,3,1
22,87,43,0,0,1,0,1,6.12E-17,3,1
22.8,27,142,0,0,0,1,0.5,-0.866025404,1,1
26.9,72,146,0,0,0,1,-0.258819045,0.965925826,1,0
32.9,48,333,0,0,0,1,-0.258819045,-0.965925826,2,0
24.9,55,385,0,1,0,0,-0.258819045,0.965925826,1,1
16.8,35,115,1,0,0,0,1.22E-16,-1,1,1
29.5,26,172,0,1,0,0,0.866025404,-0.5,1,0
18,25,51,1,0,0,0,0.5,0.866025404,1,1
21.7,31,142,0,1,0,0,-0.707106781,0.707106781,1,1
29.8,22,141,0,1,0,0,0.965925826,-0.258819045,1,0
13.5,26,331,1,0,0,0,0.866025404,-0.5,0,1
28.6,58,15,0,0,0,1,0,1,1,0
26.6,41,106,1,0,0,0,1,6.12E-17,1,0
24.2,58,270,0,0,0,1,-0.707106781,0.707106781,1,1
16.7,97,255,0,0,0,1,0.5,0.866025404,2,1
32.8,32,182,0,1,0,0,-0.965925826,-0.258819045,3,0
15.1,63,128,0,1,0,0,-0.258819045,-0.965925826,1,1
24.5,21,121,1,0,0,0,0.5,0.866025404,1,1
35.5,62,384,1,0,0,0,0.965925826,0.258819045,3,0
33.8,82,361,0,0,1,0,-0.866025404,-0.5,3,0
31.3,82,111,0,1,0,0,0,1,3,0
35.9,56,394,1,0,0,0,-0.866025404,0.5,2,0
24.6,78,104,0,0,1,0,0.707106781,0.707106781,2,1
14.5,54,136,1,0,0,0,1,6.12E-17,1,1
31.1,69,161,0,0,0,1,-0.258819045,0.965925826,2,0
13.5,95,206,1,0,0,0,-0.707106781,0.707106781,2,1
27.2,86,180,0,0,0,1,-0.5,0.866025404,2,0
28.6,82,253,1,0,0,0,0.866025404,-0.5,3,0
30.5,45,130,1,0,0,0,0,1,3,0
26,31,344,0,1,0,0,0.258819045,-0.965925826,1,0
33.6,75,85,0,0,1,0,1,6.12E-17,3,0
28.8,68,2,0,0,0,1,-0.258819045,-0.965925826,1,0
22.3,24,230,1,0,0,0,1.22E-16,-1,1,1
14.2,70,162,1,0,0,0,1.22E-16,-1,1,1
20.6,50,257,0,0,1,0,0.866025404,0.5,2,1
30.9,59,274,0,1,0,0,0.707106781,-0.707106781,3,0
10.1,30,153,0,0,0,1,0.866025404,0.5,0,1
12.8,20,171,0,0,1,0,-0.965925826,-0.258819045,0,1
14.8,92,189,0,0,1,0,1,6.12E-17,3,1
11.6,72,324,0,0,1,0,0.965925826,-0.258819045,1,1
13.5,78,286,1,0,0,0,0.707106781,0.707106781,1,1
20.4,70,101,0,0,1,0,-0.866025404,-0.5,2,1
21,91,323,1,0,0,0,-0.965925826,-0.258819045,3,1
25.8,31,176,0,1,0,0,-0.866025404,0.5,1,0
20.5,52,225,1,0,0,0,0.707106781,-0.707106781,1,0
19.9,83,152,0,0,0,1,0,1,2,1
30.2,96,60,0,1,0,0,0.5,-0.866025404,3,0
27.9,56,132,0,0,0,1,-1,-1.84E-16,1,0
20.1,89,326,1,0,0,0,-0.5,-0.866025404,3,1
31.6,21,338,1,0,0,0,-0.258819045,0.965925826,2,0
18.1,79,323,0,0,0,1,-0.866025404,-0.5,1,1
25.7,37,70,1,0,0,0,1.22E-16,-1,1,0
11.4,62,38,1,0,0,0,0.965925826,-0.258819045,1,1
33.7,61,386,0,0,1,0,-0.707106781,0.707106781,2,0
31.9,60,389,0,1,0,0,0.866025404,0.5,3,0
31.1,59,159,0,1,0,0,-0.965925826,-0.258819045,3,0
23.8,56,100,0,1,0,0,-0.866025404,0.5,1,1
14.8,49,110,0,0,0,1,0.965925826,0.258819045,1,1
17.7,28,174,0,0,0,1,-0.965925826,0.258819045,1,1
20,38,311,0,0,1,0,-0.707106781,-0.707106781,1,1
11.6,30,2,0,0,1,0,0.258819045,-0.965925826,0,1
16.6,67,373,0,1,0,0,0.866025404,-0.5,1,1
27.7,59,46,0,1,0,0,0.965925826,0.258819045,1,0
30.7,28,282,0,0,1,0,-0.866025404,-0.5,3,0
13.1,95,390,0,0,0,1,-0.5,-0.866025404,2,1
28.1,91,15,1,0,0,0,0.5,-0.866025404,3,0
23,98,370,0,1,0,0,-0.965925826,0.258819045,2,1
32.8,48,238,0,0,0,1,1.22E-16,-1,2,0
15,22,349,1,0,0,0,-0.965925826,0.258819045,1,1
26.2,53,27,0,0,0,1,-0.707106781,0.707106781,1,0
14,64,71,0,0,1,0,0.866025404,-0.5,1,1
23.7,33,5,0,0,0,1,-0.707106781,-0.707106781,1,1
12.7,70,333,0,0,1,0,-1,-1.84E-16,1,1
13.1,70,184,0,0,1,0,-0.707106781,0.707106781,1,1
14.5,47,202,0,1,0,0,0.258819045,0.965925826,1,1
20.1,36,306,0,0,0,1,0.5,-0.866025404,1,1
12.3,28,36,1,0,0,0,-0.965925826,0.258819045,0,1
28.3,35,357,0,1,0,0,0.707106781,-0.707106781,1,0
20,38,356,0,0,1,0,-0.965925826,-0.258819045,1,1
25.1,62,133,0,0,0,1,-0.866025404,-0.5,1,0
31.1,43,14,0,1,0,0,-0.965925826,0.258819045,2,0
25.2,98,143,1,0,0,0,-0.965925826,-0.258819045,3,0
18.1,86,80,0,0,1,0,-0.965925826,0.258819045,2,1
27.9,87,188,0,1,0,0,0.258819045,-0.965925826,3,0
33.5,95,162,1,0,0,0,-0.5,0.866025404,2,0
24.8,79,343,0,0,1,0,0.707106781,-0.707106781,2,1
24,93,75,0,0,0,1,-0.965925826,0.258819045,2,1
29.2,41,45,0,0,0,1,-0.965925826,0.258819045,1,0
31.1,35,285,0,0,1,0,-1,-1.84E-16,3,0
21.1,68,219,0,1,0,0,0.258819045,-0.965925826,2,1
34.6,22,42,1,0,0,0,-0.258819045,0.965925826,2,0
21.9,73,215,1,0,0,0,0.707106781,-0.707106781,1,0
15.4,52,400,0,1,0,0,0.707106781,0.707106781,1,1
23.4,54,59,0,0,0,1,-0.965925826,-0.258819045,1,1
13.1,21,190,0,0,0,1,1,6.12E-17,0,1
12.5,86,41,0,0,0,1,-0.258819045,-0.965925826,2,1
32,41,179,1,0,0,0,-0.258819045,-0.965925826,3,0
10.7,53,286,0,0,1,0,-0.707106781,-0.707106781,1,1
19.2,41,213,0,0,0,1,-0.866025404,0.5,1,1
26.4,74,3,1,0,0,0,-0.965925826,-0.258819045,1,0
15.2,44,379,0,0,0,1,-0.5,0.866025404,1,1
32.1,90,173,0,0,0,1,0,1,2,0
29.3,89,206,0,0,0,1,-0.965925826,-0.258819045,2,0
15,72,144,0,0,0,1,-0.866025404,-0.5,1,1
32.6,42,227,0,1,0,0,0.965925826,-0.258819045,3,0
33.3,97,185,0,0,1,0,-0.5,-0.866025404,3,0
15.3,51,323,1,0,0,0,0,1,1,1
33.6,63,158,0,0,1,0,-0.965925826,-0.258819045,3,0
13.7,89,18,0,1,0,0,0.866025404,0.5,3,1
28.8,31,332,0,0,0,1,0.866025404,0.5,1,0
32,91,55,1,0,0,0,0.5,0.866025404,3,0
12.2,32,38,0,1,0,0,-0.707106781,0.707106781,0,1
15.8,34,156,0,0,1,0,-0.258819045,-0.965925826,1,1
30.2,45,261,0,0,1,0,-0.5,0.866025404,2,0
11.9,24,58,0,0,0,1,-0.258819045,0.965925826,0,1
18.8,35,44,0,0,1,0,-0.5,0.866025404,1,1
10.2,88,177,1,0,0,0,0.5,-0.866025404,3,1
32.9,24,59,1,0,0,0,0.258819045,0.965925826,3,0
19.6,69,73,0,0,0,1,1.22E-16,-1,1,1
32.8,83,337,0,1,0,0,0.707106781,-0.707106781,3,0
21.9,57,123,1,0,0,0,-0.707106781,-0.707106781,1,1
10.9,48,381,0,0,1,0,0.965925826,-0.258819045,1,1
23.9,72,32,0,0,1,0,1,6.12E-17,2,1
34.9,33,130,0,0,1,0,-0.5,-0.866025404,3,0
14.2,27,153,0,0,0,1,0.965925826,-0.258819045,0,1
10.3,22,193,0,0,1,0,1,6.12E-17,0,1
31.8,82,209,0,1,0,0,0.707106781,-0.707106781,3,0
30,52,157,0,1,0,0,-0.258819045,0.965925826,1,0
12.2,44,175,0,1,0,0,0.707106781,-0.707106781,1,1
31.3,81,161,0,0,0,1,0.866025404,0.5,2,0
17.5,59,366,1,0,0,0,-0.5,-0.866025404,1,1
27,95,214,0,1,0,0,0.965925826,-0.258819045,3,0
11.2,95,196,1,0,0,0,0.258819045,-0.965925826,3,1
23.8,26,24,0,1,0,0,0.5,-0.866025404,1,1
10.9,98,234,0,0,0,1,-0.258819045,0.965925826,2,1
29.2,49,297,0,1,0,0,-0.866025404,0.5,1,0
17.3,67,366,0,0,0,1,-0.965925826,-0.258819045,1,1
22.1,22,206,0,1,0,0,-0.866025404,-0.5,1,1
22.2,84,305,0,0,0,1,-0.965925826,-0.258819045,2,1
26.4,41,110,0,0,1,0,0.707106781,0.707106781,1,0
19.6,24,88,0,0,1,0,-0.707106781,0.707106781,1,1
19.9,44,125,1,0,0,0,-0.707106781,0.707106781,1,1
16.3,93,377,1,0,0,0,-0.258819045,0.965925826,2,1
16.2,30,394,0,0,1,0,0.965925826,0.258819045,1,1
11.8,37,53,0,0,0,1,0.965925826,-0.258819045,0,1
30.9,24,300,0,0,1,0,0.258819045,0.965925826,3,0
10.8,45,138,0,0,0,1,0.5,-0.866025404,1,1
26.1,47,141,0,0,0,1,0.5,-0.866025404,1,0
28.6,51,40,0,0,1,0,-0.965925826,0.258819045,2,0
26.1,88,222,0,0,0,1,0.866025404,0.5,2,0
25.1,48,309,0,1,0,0,-0.965925826,-0.258819045,1,0
24.4,50,59,0,1,0,0,0.707106781,-0.707106781,1,1
22.2,68,350,1,0,0,0,0.866025404,0.5,1,0
18.3,21,176,0,0,0,1,0.707106781,-0.707106781,1,1
18.3,30,283,1,0,0,0,-0.866025404,-0.5,1,1
28,91,210,0,0,0,1,1.22E-16,-1,2,0
29.6,41,144,0,0,0,1,-0.5,0.866025404,1,0
22.4,78,304,0,1,0,0,-0.866025404,0.5,1,1
21.5,66,40,0,0,0,1,1.22E-16,-1,2,1
35.8,78,337,0,0,0,1,-0.866025404,-0.5,2,0
34.4,94,99,0,0,0,1,0.5,-0.866025404,2,0
24.9,71,343,0,1,0,0,-0.258819045,0.965925826,1,1
15.5,57,226,0,0,1,0,-0.258819045,-0.965925826,1,1
28.8,89,151,0,0,0,1,1.22E-16,-1,2,0
22.6,65,215,0,0,1,0,0.258819045,-0.965925826,2,1
10.6,31,324,0,1,0,0,0,1,0,1
16.2,70,97,0,0,1,0,-0.258819045,-0.965925826,1,1
22,85,183,1,0,0,0,1,6.12E-17,3,0
17.6,58,164,0,0,0,1,0.5,0.866025404,1,1
35.8,67,272,0,0,1,0,-1,-1.84E-16,3,0
27,58,178,0,0,1,0,1.22E-16,-1,2,0
34.2,27,179,0,0,1,0,0.866025404,0.5,3,0
16.2,35,304,1,0,0,0,0.965925826,0.258819045,1,0
35.3,50,24,0,0,0,1,-0.258819045,-0.965925826,2,0
12.9,36,33,1,0,0,0,0.258819045,-0.965925826,0,1
13.2,84,85,0,0,0,1,0.5,0.866025404,2,1
18.5,89,296,1,0,0,0,-0.707106781,0.707106781,2,1
32.9,40,223,0,0,0,1,0.707106781,0.707106781,2,0
21.9,80,77,0,1,0,0,0.5,-0.866025404,2,1
29.4,64,98,0,0,0,1,-0.965925826,0.258819045,1,0
14.9,73,4,1,0,0,0,1,6.12E-17,1,1
11.9,58,176,0,0,1,0,-0.965925826,0.258819045,1,1
18.6,25,321,0,0,0,1,-0.965925826,-0.258819045,1,1
21.6,97,70,1,0,0,0,0.5,0.866025404,3,1
31.2,80,152,1,0,0,0,0,1,3,0
31.5,82,382,0,0,0,1,0.965925826,-0.258819045,2,0
34.5,21,272,0,1,0,0,-0.5,0.866025404,2,0
34.3,70,190,1,0,0,0,-0.965925826,0.258819045,2,0
35.2,55,168,1,0,0,0,-0.866025404,0.5,2,0
12.1,83,155,1,0,0,0,1.22E-16,-1,3,1
14.6,67,142,0,0,1,0,-0.5,-0.866025404,1,1
28.9,63,71,0,0,0,1,-1,-1.84E-16,1,0
16.2,79,290,1,0,0,0,0.965925826,-0.258819045,1,0
35.1,47,234,0,0,1,0,0.258819045,0.965925826,3,0
23.4,66,339,0,0,1,0,-0.866025404,0.5,2,1
16.6,22,137,0,0,1,0,-0.866025404,-0.5,1,1
26.6,33,176,0,1,0,0,0.866025404,-0.5,1,0
12.3,79,35,0,0,0,1,-0.965925826,-0.258819045,1,1
35.6,92,240,0,1,0,0,-1,-1.84E-16,3,0
21.2,84,399,1,0,0,0,-0.866025404,-0.5,3,1
35.4,48,389,0,0,0,1,0.965925826,-0.258819045,2,0
15.5,63,26,1,0,0,0,-0.5,0.866025404,1,1
30.3,76,126,0,1,0,0,0.866025404,-0.5,3,0
15.8,55,324,0,0,1,0,1.22E-16,-1,1,1
33.5,85,273,0,0,1,0,-1,-1.84E-16,3,0
11.8,58,121,0,0,1,0,1.22E-16,-1,1,1
28.5,77,257,1,0,0,0,-1,-1.84E-16,1,0
33.4,82,263,0,0,1,0,0,1,3,0
12.7,70,164,0,0,1,0,0.965925826,0.258819045,1,1
35,31,381,0,1,0,0,-0.5,0.866025404,2,0
19.7,36,3,0,0,1,0,0.5,-0.866025404,1,1
21.3,79,379,1,0,0,0,0.707106781,-0.707106781,1,0
20.8,65,41,1,0,0,0,0.258819045,0.965925826,2,1
32.4,82,80,0,0,0,1,-0.258819045,-0.965925826,2,0
20.9,24,277,0,1,0,0,-0.866025404,-0.5,1,1
24.2,68,203,0,1,0,0,-0.866025404,0.5,1,1
20.3,67,359,1,0,0,0,0.965925826,0.258819045,1,0
19.1,45,322,0,0,1,0,1.22E-16,-1,1,1
23.4,85,47,0,0,0,1,-0.866025404,-0.5,2,1
11.9,80,87,0,1,0,0,0.866025404,-0.5,1,1
17.6,88,229,0,1,0,0,0.5,0.866025404,3,1
25.7,38,245,1,0,0,0,-0.258819045,0.965925826,1,0
27,25,324,0,1,0,0,0.5,-0.866025404,1,0
18.9,59,71,1,0,0,0,-0.866025404,-0.5,1,1
14.2,59,50,0,0,0,1,0.258819045,-0.965925826,1,1
12.5,94,143,1,0,0,0,-0.258819045,0.965925826,2,1
10.9,83,163,0,1,0,0,0.707106781,-0.707106781,3,1
11.3,60,66,0,0,1,0,0.965925826,-0.258819045,1,1
32.4,78,51,0,0,0,1,-0.866025404,0.5,2,0
31.1,29,337,1,0,0,0,0.258819045,-0.965925826,3,0
19,96,352,0,1,0,0,0.707106781,-0.707106781,3,1
17,78,186,0,0,0,1,0.965925826,0.258819045,1,1
27.5,98,27,0,1,0,0,-0.707106781,0.707106781,2,0
18.8,67,362,0,0,1,0,-0.5,-0.866025404,1,1
11.7,83,158,0,1,0,0,0.707106781,0.707106781,3,1
33.4,86,185,1,0,0,0,1.22E-16,-1,3,0
11.9,97,125,0,1,0,0,-0.258819045,0.965925826,2,1
15.9,84,351,1,0,0,0,0.258819045,-0.965925826,3,1
15.1,44,81,0,0,0,1,-0.866025404,-0.5,1,1
16.2,99,384,0,0,1,0,0.965925826,-0.258819045,3,1
35.3,93,66,0,0,0,1,0.5,0.866025404,2,0
20.4,21,195,0,1,0,0,0.258819045,-0.965925826,1,1
20.4,31,14,1,0,0,0,-0.866025404,-0.5,1,1
35.6,87,134,1,0,0,0,0.866025404,0.5,3,0
12.8,35,69,0,1,0,0,-0.707106781,-0.707106781,0,1
18.6,82,263,0,1,0,0,0.707106781,-0.707106781,3,1
26.2,98,291,0,0,1,0,-0.707106781,0.707106781,2,0
19.2,60,29,0,1,0,0,-0.258819045,0.965925826,1,1
34.2,22,138,0,0,0,1,0.5,-0.866025404,2,0
16.2,75,45,0,0,0,1,-0.965925826,0.258819045,1,1
17.6,94,45,0,0,0,1,0,1,2,1
31,70,229,0,0,0,1,-0.866025404,0.5,2,0
16.2,26,145,0,0,1,0,-0.866025404,-0.5,1,1
35.2,27,380,0,0,0,1,0.5,-0.866025404,2,0
20,57,368,0,0,1,0,0.707106781,0.707106781,2,1
18.4,65,120,0,0,1,0,-0.5,-0.866025404,1,1
29.7,63,292,1,0,0,0,-0.707106781,0.707106781,1,0
25.1,21,387,0,0,1,0,-0.258819045,0.965925826,1,0
25.9,20,111,0,1,0,0,0.258819045,0.965925826,1,0
15.8,46,92,0,0,1,0,1.22E-16,-1,1,1
18.7,38,96,0,0,0,1,-0.258819045,0.965925826,1,1
11.4,25,169,1,0,0,0,0.866025404,-0.5,0,1
30.4,99,148,0,1,0,0,0.965925826,-0.258819045,3,0
29.5,88,362,0,0,0,1,0.866025404,0.5,2,0
12.8,39,341,1,0,0,0,0.707106781,-0.707106781,0,1
26.4,36,109,1,0,0,0,-0.707106781,0.707106781,1,0
34.9,40,19,1,0,0,0,-0.707106781,0.707106781,2,0
10.7,49,63,0,1,0,0,-0.258819045,-0.965925826,1,1
18.5,38,236,1,0,0,0,0.707106781,-0.707106781,1,0
18.3,35,216,0,0,0,1,-0.5,-0.866025404,1,1
0.212964162,0.236870559,0.707086477,0,1,1,0,-0.01462508,0.999893048,0,1
0.136371476,0.780525515,0.050226011,0,0,0,0,0.99637723,-0.08504361,2,1
0.014544666,0.274806036,0.072901835,0,1,1,1,0.983296327,-0.182011904,3,1
0.350587559,0.822614319,0.402873283,1,0,0,0,-0.4219536,0.906617427,2,1
0.589917687,0.423738254,0.295290494,0,1,1,0,0.154227312,0.988035392,0,0
0.392244045,0.667549899,0.232384323,0,0,1,0,-0.944422484,-0.328734196,2,1
0.437474922,0.095535314,0.281004499,0,0,1,1,-0.988007075,-0.154408612,3,1
0.904158694,0.623859325,0.803482743,0,0,0,0,-0.856300548,0.516477851,0,0
0.348255467,0.451767679,0.929228054,0,1,0,1,-0.159913029,0.987131107,1,1
0.513989489,0.586608463,0.405102695,0,0,1,1,-0.152697948,0.988272906,3,0
0.783653013,0.168014208,0.906111002,1,1,1,0,0.39874319,0.91706263,3,0
0.862363709,0.2167398,0.226028998,1,0,0,1,-0.799088709,-0.601213136,1,0
0.949520624,0.095714556,0.640476042,1,0,1,1,0.721832386,0.69206792,3,0
0.147073481,0.023638586,0.978981115,0,1,0,0,-0.809707671,-0.586833441,0,1
0.926587625,0.6419715,0.603493096,1,0,1,0,-0.109843099,0.993948939,1,0
0.492116293,0.607094036,0.357814084,1,0,0,0,-0.526144389,0.85039525,1,1
0.459135756,0.231947096,0.122920678,1,0,1,1,0.24837325,0.968664404,3,1
0.980032575,0.390905996,0.88865908,1,0,1,0,0.76124801,-0.648460844,2,0
0.492618094,0.594476335,0.503083951,1,0,0,0,-0.887006705,0.461756542,2,1
0.32875161,0.496766859,0.449349742,1,0,0,1,-0.953924957,-0.300045292,1,1
0.633400854,0.98778552,0.585864788,1,1,0,1,0.252682134,-0.967549347,2,0
0.240145619,0.136439753,0.624783863,0,1,1,1,0.3393381,0.940664475,2,1
0.128879722,0.404318768,0.682617221,1,1,0,1,0.193395728,-0.981120835,1,1
0.128045839,0.428199615,0.24193168,1,1,1,0,-0.433973722,0.900925529,3,1
0.151902694,0.717597766,0.713952633,0,0,1,1,-0.77484517,-0.63215106,1,1
0.640874745,0.991255994,0.803958508,1,0,0,0,-0.158409246,-0.987373542,2,0
0.181880084,0.128394289,0.552500967,0,1,1,0,0.403224466,0.915101104,3,1
0.345667283,0.104109649,0.520169892,0,1,0,0,-0.171506731,0.985182948,1,1
0.89678841,0.724338817,0.142875961,0,1,0,1,0.770273278,-0.637713946,2,0
0.47396164,0.578386917,0.77534615,1,0,0,1,0.138615727,-0.990346243,1,1
0.667557739,0.274160667,0.27140938,1,1,0,1,0.789060168,-0.614315921,3,0
0.172319871,0.079419369,0.496695423,0,0,0,0,-0.911433604,-0.411447185,1,1
0.192289019,0.08565825,0.284274093,0,0,1,1,-0.851759645,-0.523932731,1,1
0.040868616,0.894190875,0.133828363,1,1,0,0,-0.97635653,-0.21616643,1,1
0.168935063,0.191867325,0.629557697,0,0,0,0,0.993509344,-0.113750528,2,1
0.278590339,0.323371562,0.054332035,1,1,0,0,0.916078438,-0.400999121,3,1
0.177010484,0.226656402,0.748645234,1,0,1,1,0.70822209,0.70598971,3,1
0.088702534,0.354996306,0.317586795,0,0,1,1,-0.82887738,-0.559430326,2,1
0.120635871,0.069423843,0.000134693,0,1,1,0,0.247455046,0.968899376,2,1
0.460778768,0.519059791,0.511129139,1,1,1,1,-0.575942186,-0.817490427,2,1
